URL,Version,Status,OIDs,Name,Title,Description,Used
http://snomed.info/sct,http://snomed.info/sct/11000315107/version/20260621,active,"2.16.840.1.113883.6.96",SNOMED_CT,module français SNOMED CT,"SNOMED CT is the most comprehensive and precise clinical health terminology product in the world, owned and distributed around the world by The International Health Terminology Standards Development Organisation (IHTSDO).",
http://snomed.info/sct,http://snomed.info/sct/900000000000207008/version/20260701,active,"2.16.840.1.113883.6.96",SNOMED_CT,SNOMED CT core,"SNOMED CT is the most comprehensive and precise clinical health terminology product in the world, owned and distributed around the world by The International Health Terminology Standards Development Organisation (IHTSDO).",
http://terminology.hl7.org/CodeSystem/condition-clinical,3.0.0,active,"2.16.840.1.113883.4.642.1.1074",ConditionClinicalStatusCodes,Condition Clinical Status Codes,"Preferred value set for Condition Clinical Status.",
http://terminology.hl7.org/CodeSystem/condition-ver-status,2.0.1,active,"2.16.840.1.113883.4.642.1.1075",ConditionVerificationStatus,ConditionVerificationStatus,"The verification status to support or decline the clinical status of the condition or diagnosis.",
http://terminology.hl7.org/CodeSystem/icd-o-3,2.0.1,active,"2.16.840.1.113883.6.43.1",IcdO3,International Classification of Diseases for Oncology, version 3.,"International Classification of Diseases for Oncology, version 3. For more information see http://www.who.int/classifications/icd/adaptations/oncology/en/.",
http://terminology.hl7.org/CodeSystem/service-type,1.1.0,draft,"2.16.840.1.113883.4.642.1.1145",ServiceType,Service type,"This value set defines an example set of codes of service-types.",
http://terminology.hl7.org/CodeSystem/v2-0066,3.0.0,active,"2.16.840.1.113883.18.26",EmploymentStatus,employmentStatus,"HL7-defined code system of concepts which specify an employment status of a person. Used in HL7 Version 2 messaging in the GT1 segment.",
http://terminology.hl7.org/CodeSystem/v2-0487,3.0.0,active,"2.16.840.1.113883.18.311",SpecimenType,specimenType,"HL7-defined code system of concepts that describe the precise nature of an entity that may be used as the source material for an observation.  This is one of two code systems that are used instead of table 0070 (code system 2.16.840.1.113883.18.28) which conflated specimen types and specimen collection methods.   Used in HL7 Version 2.x messaging in the SPM segment.",
http://terminology.hl7.org/CodeSystem/v2-0488,3.0.0,active,"2.16.840.1.113883.18.312",SpecimenCollectionMethod,specimenCollectionMethod,"HL7-defined code system of concepts specifying the specimen collection method.  Used in HL7 Version 2.x messaging in the SPM segment.",
http://terminology.hl7.org/CodeSystem/v3-ActCode,9.0.0,active,"2.16.840.1.113883.5.4",ActCode,ActCode,"A code specifying the particular kind of Act that the Act-instance represents within its class.    *Constraints:* The kind of Act (e.g. physical examination, serum potassium, inpatient encounter, charge financial transaction, etc.) is specified with a code from one of several, typically external, coding systems. The coding system will depend on the class of Act, such as LOINC for observations, etc.    Conceptually, the Act.code must be a specialization of the Act.classCode. This is why the structure of ActClass domain should be reflected in the superstructure of the ActCode domain and then individual codes or externally referenced vocabularies subordinated under these domains that reflect the ActClass structure.    Act.classCode and Act.code are not modifiers of each other but the Act.code concept should really imply the Act.classCode concept. For a negative example, it is not appropriate to use an Act.code ""potassium"" together with and Act.classCode for ""laboratory observation"" to somehow mean ""potassium laboratory observation"" and then use the same Act.code for ""potassium"" together with Act.classCode for ""medication"" to mean ""substitution of potassium"". This mutually modifying use of Act.code and Act.classCode is not permitted.",
http://terminology.hl7.org/CodeSystem/v3-ActMood,3.0.0,active,"2.16.840.1.113883.5.1001",ActMood,ActMood,"OpenIssue: In Ballot 2009May, a strong Negative vote was lodged against several of the concept definitions in the vocabulary used for Act.moodCode. The vote was found ""Persuasive With Mod"", with the understanding that M and M would undertake a detailed review of these concept definitions for a future release of the RIM.",
http://terminology.hl7.org/CodeSystem/v3-ActPriority,3.0.0,active,"2.16.840.1.113883.5.7",ActPriority,ActPriority,"A set of codes (e.g., for routine, emergency), specifying the urgency under which the Act happened, can happen, is happening, is intended to happen, or is requested/demanded to happen.",
http://terminology.hl7.org/CodeSystem/v3-ActStatus,3.0.0,active,"2.16.840.1.113883.5.14",ActStatus,ActStatus,"Codes representing the defined possible states of an Act, as defined by the Act class state machine.",
http://terminology.hl7.org/CodeSystem/v3-AdministrativeGender,3.0.0,active,"2.16.840.1.113883.5.1",AdministrativeGender,AdministrativeGender,"The gender of a person used for adminstrative purposes (as opposed to clinical gender)",
http://terminology.hl7.org/CodeSystem/v3-Confidentiality,3.0.0,active,"2.16.840.1.113883.5.25",Confidentiality,Confidentiality,"A set of codes specifying the security classification of acts and roles in accordance with the definition for concept domain ""Confidentiality"".",
http://terminology.hl7.org/CodeSystem/v3-EntityCode,3.0.0,active,"2.16.840.1.113883.5.1060",EntityCode,EntityCode,"*OpenIssue:* Missing description.",
http://terminology.hl7.org/CodeSystem/v3-ObservationInterpretation,3.0.0,active,"2.16.840.1.113883.5.83",ObservationInterpretation,ObservationInterpretation,"One or more codes providing a rough qualitative interpretation of the observation, such as ""normal"" / ""abnormal"", ""low"" / ""high"", ""better"" / ""worse"", ""resistant"" / ""susceptible"", ""expected"" / ""not expected"". The value set is intended to be for ANY use where coded representation of an interpretation is needed.",
http://terminology.hl7.org/CodeSystem/v3-ObservationMethod,3.0.0,active,"2.16.840.1.113883.5.84",ObservationMethod,ObservationMethod,"A code that provides additional detail about the means or technique used to ascertain the observation.    *Examples:* Blood pressure measurement method: arterial puncture vs. sphygmomanometer (Riva-Rocci), sitting vs. supine position, etc.    *OpenIssue:* Description copied from Concept Domain of same name. Must be verified. Note that the Domain has a full discussion about use of the attribute and constraining that is not appropriate for the code system description. Needs to be improved.",
http://terminology.hl7.org/CodeSystem/v3-ObservationValue,4.0.0,active,"2.16.840.1.113883.5.1063",ObservationValue,ObservationValue,"This code system covers all concepts of HL7-defined values for the Observation value element, when it has a coded datatype.",
http://terminology.hl7.org/CodeSystem/v3-ParticipationFunction,3.0.0,active,"2.16.840.1.113883.5.88",ParticipationFunction,ParticipationFunction,"This code is used to specify the exact function an actor had in a service in all necessary detail. This domain may include local extensions (CWE).",
http://terminology.hl7.org/CodeSystem/v3-ParticipationType,5.0.0,active,"2.16.840.1.113883.5.90",ParticipationType,ParticipationType,"A code specifying the meaning and purpose of every Participation instance. Each of its values implies specific constraints on the Roles undertaking the participation.",
http://terminology.hl7.org/CodeSystem/v3-RoleCode,3.0.0,active,"2.16.840.1.113883.5.111",RoleCode,RoleCode,"A set of codes further specifying the kind of Role; specific classification codes for further qualifying RoleClass codes.",
http://terminology.hl7.org/CodeSystem/v3-SpecimenType,3.0.0,active,"2.16.840.1.113883.5.129",SpecimenType,SpecimenType,"**** MISSING DESCRIPTION ****",
http://terminology.hl7.org/CodeSystem/v3-TimingEvent,3.0.0,active,"2.16.840.1.113883.5.139",TimingEvent,TimingEvent,"**** MISSING DESCRIPTION ****",
http://terminology.hl7.org/CodeSystem/v3-mediaType,3.0.0,active,"2.16.840.1.113883.5.79",MediaType,Media Type,"Internet Assigned Numbers Authority (IANA) Mime Media Types. Identifies the type of the encapsulated data and identifies a method to interpret or render the data. The IANA defined domain of media types is established by the Internet standard RFC 2045 \[http://www.ietf.org/rfc/rfc2045.txt\] and 2046 \[http://www.ietf.org/rfc/rfc2046.txt\]. RFC 2046 defines the media type to consist of two parts:    1.  top level media type, and  2.  media subtype    However, this HL7 datatypes specification treats the entire media type as one atomic code symbol in the form defined by IANA, i.e., top level type followed by a slash ""/"" followed by media subtype. Currently defined media types are registered in a database \[http://www.iana.org/assignments/media-types/index.html\] maintained by IANA. Currently several hundred different MIME media types are defined, with the list growing rapidly. In general, all those types defined by the IANA MAY be used.",
http://terminology.hl7.org/CodeSystem/v3-orderableDrugForm,3.0.0,active,"2.16.840.1.113883.5.85",OrderableDrugForm,Orderable Drug Form,"*OpenIssue:* Missing description.",
http://terminology.hl7.org/CodeSystem/v3-substanceAdminSubstitution,3.0.0,active,"2.16.840.1.113883.5.1070",SubstanceAdminSubstitution,Substance Admin Substitution,"Identifies what sort of change is permitted or has occurred between the therapy that was ordered and the therapy that was/will be provided.",
https://mos.esante.gouv.fr/NOS/TRE_A00-ProducteurDocNonPS/FHIR/TRE-A00-ProducteurDocNonPS,20240329120000,active,"1.2.250.1.213.1.1.4.6",TRE_A00_ProducteurDocNonPS,,"Producteur de document non PS",
https://mos.esante.gouv.fr/NOS/TRE_A01-CadreExercice/FHIR/TRE-A01-CadreExercice,20240927120000,active,"1.2.250.1.213.1.1.4.9",TRE_A01_CadreExercice,,"Cadre d'exercice",
https://mos.esante.gouv.fr/NOS/TRE_A02-ProfessionSavFaire-CISIS/FHIR/TRE-A02-ProfessionSavFaire-CISIS,20260730120000,active,"1.2.250.1.213.1.1.4.5",TRE_A02_ProfessionSavFaire_CISIS,,"Profession et savoir-faire CI-SIS",
https://mos.esante.gouv.fr/NOS/TRE_A03-ClasseDocument/FHIR/TRE-A03-ClasseDocument,20231215120000,active,"1.2.250.1.213.1.1.4.1",TRE_A03_ClasseDocument,,"Classe de document",
https://mos.esante.gouv.fr/NOS/TRE_A05-TypeDocComplementaire/FHIR/TRE-A05-TypeDocComplementaire,20240329120000,active,"1.2.250.1.213.1.1.4.12",TRE_A05_TypeDocComplementaire,,"Type de document en complément des nomenclatures internationales",
https://mos.esante.gouv.fr/NOS/TRE_A06-FormatCodeComplementaire/FHIR/TRE-A06-FormatCodeComplementaire,20260629120000,active,"1.2.250.1.213.1.1.4.2.282",TRE_A06_FormatCodeComplementaire,,"formatCode en complément des nomenclatures internationales",
https://mos.esante.gouv.fr/NOS/TRE_A07-StatutVisibiliteDocument/FHIR/TRE-A07-StatutVisibiliteDocument,20231215120000,active,"1.2.250.1.213.1.1.4.13",TRE_A07_StatutVisibiliteDocument,,"Restriction d'audience applicable aux objets référencés",
https://mos.esante.gouv.fr/NOS/TRE_A08-HL7Confidentiality/FHIR/TRE-A08-HL7Confidentiality,20231215120000,active,"2.16.840.1.113883.5.25",TRE_A08_HL7Confidentiality,,"HL7 confidentiality",
https://mos.esante.gouv.fr/NOS/TRE_A09-DICOMuidRegistry/FHIR/TRE-A09-DICOMuidRegistry,20231215120000,active,"1.2.840.10008.2.6.1",TRE_A09_DICOMuidRegistry,,"DICOM UID Registry",
https://mos.esante.gouv.fr/NOS/TRE_A10-NomenclatureURN/FHIR/TRE-A10-NomenclatureURN,20231215120000,active,"URN",TRE_A10_NomenclatureURN,,"Nomenclature identifiée par URN",
https://mos.esante.gouv.fr/NOS/TRE_A11-IheFormatCode/FHIR/TRE-A11-IheFormatCode,20240426120000,active,"1.3.6.1.4.1.19376.1.2.3",TRE_A11_IheFormatCode,,"IHE formatCode",
https://mos.esante.gouv.fr/NOS/TRE_A12-NomenclatureASTM/FHIR/TRE-A12-NomenclatureASTM,20231215120000,active,"ASTM",TRE_A12_NomenclatureASTM,,"Nomenclature identifiée par ASTM",
https://mos.esante.gouv.fr/NOS/TRE_A13-HL7ParticipationType/FHIR/TRE-A13-HL7ParticipationType,20231215120000,active,"2.16.840.1.113883.5.90",TRE_A13_HL7ParticipationType,,"HL7 Type de participation",
https://mos.esante.gouv.fr/NOS/TRE_G00-Langue/FHIR/TRE-G00-Langue,20240927120000,active,"1.2.250.1.71.2.10",TRE_G00_Langue,,"Langue",
https://mos.esante.gouv.fr/NOS/TRE_G01-CategorieProduit/FHIR/TRE-G01-CategorieProduit,20231215120000,active,"1.2.250.1.71.1.2.5",TRE_G01_CategorieProduit,,"Catégorie de produit",
https://mos.esante.gouv.fr/NOS/TRE_G02-TypeProduit/FHIR/TRE-G02-TypeProduit,20231215120000,active,"1.2.250.1.71.1.2.2",TRE_G02_TypeProduit,,"Type de produit",
https://mos.esante.gouv.fr/NOS/TRE_G03-CiviliteCPx/FHIR/TRE-G03-CiviliteCPx,20231215120000,active,"1.2.250.1.71.1.2.11",TRE_G03_CiviliteCPx,,"Civilité (CPx)",
https://mos.esante.gouv.fr/NOS/TRE_G04-NiveauResponsabiliteCPx/FHIR/TRE-G04-NiveauResponsabiliteCPx,20231215120000,active,"1.2.250.1.71.1.2.12",TRE_G04_NiveauResponsabiliteCPx,,"Niveau de responsabilité (CPx)",
https://mos.esante.gouv.fr/NOS/TRE_G05-SousSectionTableauCNOP/FHIR/TRE-G05-SousSectionTableauCNOP,20231215120000,active,"1.2.250.1.71.4.2.6",TRE_G05_SousSectionTableauCNOP,,"Sous-Section du tableau de l'Ordre des Pharmaciens",
https://mos.esante.gouv.fr/NOS/TRE_G07-TypeIdentifiantStructure/FHIR/TRE-G07-TypeIdentifiantStructure,20240329120000,active,"1.2.250.1.71.1.2.14",TRE_G07_TypeIdentifiantStructure,,"Type d'identifiant de structure",
https://mos.esante.gouv.fr/NOS/TRE_G08-TypeIdentifiantPersonne/FHIR/TRE-G08-TypeIdentifiantPersonne,20240329120000,active,"1.2.250.1.71.1.2.15",TRE_G08_TypeIdentifiantPersonne,,"Type d'identifiant de personne",
https://mos.esante.gouv.fr/NOS/TRE_G09-DepartementOM/FHIR/TRE-G09-DepartementOM,20260505120000,active,"1.2.250.1.71.1.2.16",TRE_G09_DepartementOM,,"Référentiel des codes départements et collectivités d’outre-mer provenant du COG INSEE + Monaco. Cette TRE possède des propriétés spécifiques : Autorite Epars, pour indiquer le/ les ARS du département (tre-r396-autorite) et region pour indiquer le code de la région du département (TRE-R30-RegionOM)",
https://mos.esante.gouv.fr/NOS/TRE_G100-Specialite-AM/FHIR/TRE-G100-Specialite-AM,20241025120000,active,"1.2.250.1.71.1.2.38",TRE_G100_Specialite_AM,,"Spécialité Assurance Maladie",
https://mos.esante.gouv.fr/NOS/TRE_G11-NatureQualificationADELI/FHIR/TRE-G11-NatureQualificationADELI,20251016120000,active,"1.2.250.1.71.1.2.17",TRE_G11_NatureQualificationADELI,,"Nature de qualification ADELI",
https://mos.esante.gouv.fr/NOS/TRE_G12-SpecialiteADELI/FHIR/TRE-G12-SpecialiteADELI,20240531120000,active,"1.2.250.1.71.1.2.18",TRE_G12_SpecialiteADELI,,"Spécialité ADELI",
https://mos.esante.gouv.fr/NOS/TRE_G13-OrientationParticuliere/FHIR/TRE-G13-OrientationParticuliere,20231215120000,active,"1.2.250.1.213.2.31",TRE_G13_OrientationParticuliere,,"Orientation particulière",
https://mos.esante.gouv.fr/NOS/TRE_G15-ProfessionSante/FHIR/TRE-G15-ProfessionSante,20250328120000,active,"1.2.250.1.71.1.2.7",TRE_G15_ProfessionSante,,"Professions de santé définies par le code de la santé publique : professions médicales (art. L4111-1 à L4163-10), de la pharmacie et de la physique médicale (art. 4211-1 à 4252-3) et d’auxiliaires médicaux (art. 4311-1 à 4394-3)",
https://mos.esante.gouv.fr/NOS/TRE_G16-ProfessionFormation/FHIR/TRE-G16-ProfessionFormation,20231215120000,active,"1.2.250.1.71.1.2.8",TRE_G16_ProfessionFormation,,"Professions en formation (carte CPF)",
https://mos.esante.gouv.fr/NOS/TRE_G17-ModeExerciceCPx/FHIR/TRE-G17-ModeExerciceCPx,20231215120000,active,"1.2.250.1.71.1.2.21",TRE_G17_ModeExerciceCPx,,"Mode d'exercice (CPx)",
https://mos.esante.gouv.fr/NOS/TRE_G18-AttributionParticuliereADELI/FHIR/TRE-G18-AttributionParticuliereADELI,20231215120000,active,"1.2.250.1.71.1.2.22",TRE_G18_AttributionParticuliereADELI,,"Attribution particulière ADELI",
https://mos.esante.gouv.fr/NOS/TRE_G19-SecteurActiviteADELI/FHIR/TRE-G19-SecteurActiviteADELI,20250523120000,active,"1.2.250.1.71.1.2.23",TRE_G19_SecteurActiviteADELI,,"Secteur d'activité ADELI",
https://mos.esante.gouv.fr/NOS/TRE_G20-Specialisation/FHIR/TRE-G20-Specialisation,20231215120000,active,"1.2.250.1.71.1.2.24",TRE_G20_Specialisation,,"Spécialisation",
https://mos.esante.gouv.fr/NOS/TRE_R01-EnsembleSavoirFaire-CISIS/FHIR/TRE-R01-EnsembleSavoirFaire-CISIS,20260730120000,active,"1.2.250.1.71.4.2.5",TRE_R01_EnsembleSavoirFaire_CISIS,,"Ensemble Savoir-faire CI-SIS (TRE provisoire)",
https://mos.esante.gouv.fr/NOS/TRE_R02-SecteurActivite/FHIR/TRE-R02-SecteurActivite,20250523120000,active,"1.2.250.1.71.4.2.4",TRE_R02_SecteurActivite,,"Le secteur d'activité de santé est une donnée RPPS et correspond au type de service fourni par une structure. Il sert principalement à déterminer les propriétés de facturation des professionnels de ces structures vis-à-vis de l'assurance maladie",
https://mos.esante.gouv.fr/NOS/TRE_R03-AttributionParticuliere/FHIR/TRE-R03-AttributionParticuliere,20231215120000,active,"1.2.250.1.71.1.2.27",TRE_R03_AttributionParticuliere,,"Attribution particulière",
https://mos.esante.gouv.fr/NOS/TRE_R04-TypeSavoirFaire/FHIR/TRE-R04-TypeSavoirFaire,20251016120000,active,"1.2.250.1.213.1.6.1.16",TRE_R04_TypeSavoirFaire,,"Type de savoir-faire",
https://mos.esante.gouv.fr/NOS/TRE_R06-SectionTableauCNOP/FHIR/TRE-R06-SectionTableauCNOP,20231215120000,active,"1.2.250.1.213.2.37",TRE_R06_SectionTableauCNOP,,"Section du tableau de l'Ordre des Pharmaciens",
https://mos.esante.gouv.fr/NOS/TRE_R09-CategorieProfessionnelle/FHIR/TRE-R09-CategorieProfessionnelle,20260223120000,active,"1.2.250.1.213.1.6.1.10",TRE_R09_CategorieProfessionnelle,,"Catégorie professionnelle",
https://mos.esante.gouv.fr/NOS/TRE_R10-SexeAdministratif/FHIR/TRE-R10-SexeAdministratif,20231215120000,active,"1.2.250.1.213.2.27",TRE_R10_SexeAdministratif,,"Sexe administratif",
https://mos.esante.gouv.fr/NOS/TRE_R11-CiviliteExercice/FHIR/TRE-R11-CiviliteExercice,20231215120000,active,"1.2.250.1.213.1.6.1.11",TRE_R11_CiviliteExercice,,"Civilité d'exercice",
https://mos.esante.gouv.fr/NOS/TRE_R13-CommuneOM/FHIR/TRE-R13-CommuneOM,20260505120000,active,"1.2.250.1.213.2.23",TRE_R13_CommuneOM,,"",
https://mos.esante.gouv.fr/NOS/TRE_R14-TypeDiplome/FHIR/TRE-R14-TypeDiplome,20240329120000,active,"1.2.250.1.213.1.6.1.36",TRE_R14_TypeDiplome,,"Type de diplôme",
https://mos.esante.gouv.fr/NOS/TRE_R16-LieuFormation/FHIR/TRE-R16-LieuFormation,20260730120000,active,"1.2.250.1.213.1.6.1.35",TRE_R16_LieuFormation,,"Lieu de formation",
https://mos.esante.gouv.fr/NOS/TRE_R17-TypeAutorisation/FHIR/TRE-R17-TypeAutorisation,20250523120000,active,"1.2.250.1.213.1.6.1.14",TRE_R17_TypeAutorisation,,"Type d'autorisation",
https://mos.esante.gouv.fr/NOS/TRE_R18-DisciplineAutorisation/FHIR/TRE-R18-DisciplineAutorisation,20231215120000,active,"1.2.250.1.213.1.6.1.67",TRE_R18_DisciplineAutorisation,,"Discipline d'autorisation",
https://mos.esante.gouv.fr/NOS/TRE_R20-Pays/FHIR/TRE-R20-Pays,20250328120000,active,"1.2.250.1.213.2.24",TRE_R20_Pays,,"Référentiel des codes pays provenant du COG INSEE",
https://mos.esante.gouv.fr/NOS/TRE_R200-CanalCommunication/FHIR/TRE-R200-CanalCommunication,20260330120000,active,"1.2.250.1.213.3.3.1",TRE_R200_CanalCommunication,,"Canal de communication",
https://mos.esante.gouv.fr/NOS/TRE_R201-TypeDivisionTerritoriale/FHIR/TRE-R201-TypeDivisionTerritoriale,20231215120000,active,"1.2.250.1.213.3.3.2",TRE_R201_TypeDivisionTerritoriale,,"Type de division territoriale",
https://mos.esante.gouv.fr/NOS/TRE_R202-AccessibiliteLieu/FHIR/TRE-R202-AccessibiliteLieu,20231215120000,active,"1.2.250.1.213.3.3.3",TRE_R202_AccessibiliteLieu,,"Niveaux d'accessibilité d'un établissement recevant du public (ERP)",
https://mos.esante.gouv.fr/NOS/TRE_R203-StatutLieu/FHIR/TRE-R203-StatutLieu,20231215120000,active,"1.2.250.1.213.3.3.4",TRE_R203_StatutLieu,,"Statut lieu",
https://mos.esante.gouv.fr/NOS/TRE_R204-DirectionLongitude/FHIR/TRE-R204-DirectionLongitude,20231215120000,active,"1.2.250.1.213.3.3.5",TRE_R204_DirectionLongitude,,"Direction longitude",
https://mos.esante.gouv.fr/NOS/TRE_R205-DirectionLatitude/FHIR/TRE-R205-DirectionLatitude,20231215120000,active,"1.2.250.1.213.3.3.6",TRE_R205_DirectionLatitude,,"Direction latitude",
https://mos.esante.gouv.fr/NOS/TRE_R206-TypeContact/FHIR/TRE-R206-TypeContact,20231215120000,active,"1.2.250.1.213.3.3.7",TRE_R206_TypeContact,,"Type de contact",
https://mos.esante.gouv.fr/NOS/TRE_R207-TypeOrganisationInterne/FHIR/TRE-R207-TypeOrganisationInterne,20231215120000,active,"1.2.250.1.213.3.3.8",TRE_R207_TypeOrganisationInterne,,"Type organisation interne",
https://mos.esante.gouv.fr/NOS/TRE_R208-ClasseAge/FHIR/TRE-R208-ClasseAge,20231215120000,active,"1.2.250.1.213.3.3.9",TRE_R208_ClasseAge,,"Classe d'âge",
https://mos.esante.gouv.fr/NOS/TRE_R209-TypeActivite/FHIR/TRE-R209-TypeActivite,20260629120000,active,"1.2.250.1.213.2.2",TRE_R209_TypeActivite,,"Type d'activité",
https://mos.esante.gouv.fr/NOS/TRE_R21-Fonction/FHIR/TRE-R21-Fonction,20260223120000,active,"1.2.250.1.213.1.6.1.17",TRE_R21_Fonction,,"Fonction",
https://mos.esante.gouv.fr/NOS/TRE_R210-ActeSpecifique/FHIR/TRE-R210-ActeSpecifique,20260730120000,active,"1.2.250.1.213.3.3.11",TRE_R210_ActeSpecifique,,"Action menée par un ou plusieurs acteur(s) de santé dans le cadre d’une activité. Cet acte peut correspondre à une technique spécialisée ou traduire une expertise discriminante dans le parcours de santé.",
https://mos.esante.gouv.fr/NOS/TRE_R211-ActiviteOperationnelle/FHIR/TRE-R211-ActiviteOperationnelle,20260730120000,active,"1.2.250.1.213.3.3.12",TRE_R211_ActiviteOperationnelle,,"Activite Operationnelle",
https://mos.esante.gouv.fr/NOS/TRE_R212-Equipement/FHIR/TRE-R212-Equipement,20260730120000,active,"1.2.250.1.213.3.3.10",TRE_R212_Equipement,,"Equipement",
https://mos.esante.gouv.fr/NOS/TRE_R213-ModePriseEnCharge/FHIR/TRE-R213-ModePriseEnCharge,20260629120000,active,"1.2.250.1.213.3.3.13",TRE_R213_ModePriseEnCharge,,"Mode de la prise en charge",
https://mos.esante.gouv.fr/NOS/TRE_R214-SpecialiteUnite/FHIR/TRE-R214-SpecialiteUnite,20241025120000,retired,"1.2.250.1.213.3.3.14",TRE_R214_SpecialiteUnite,,"Spécialité d'unité",
https://mos.esante.gouv.fr/NOS/TRE_R215-UniteTemps/FHIR/TRE-R215-UniteTemps,20231215120000,retired,"1.2.250.1.213.3.3.15",TRE_R215_UniteTemps,,"Unité de temps",
https://mos.esante.gouv.fr/NOS/TRE_R216-HL7RoleCode/FHIR/TRE-R216-HL7RoleCode,20241213120000,active,"2.16.840.1.113883.5.111",TRE_R216_HL7RoleCode,,"HL7 roleCode",
https://mos.esante.gouv.fr/NOS/TRE_R217-ProtectionJuridique/FHIR/TRE-R217-ProtectionJuridique,20231215120000,active,"1.2.250.1.213.1.1.4.327",TRE_R217_ProtectionJuridique,,"Protection juridique",
https://mos.esante.gouv.fr/NOS/TRE_R218-ModeAuthentification/FHIR/TRE-R218-ModeAuthentification,20231215120000,active,"1.2.250.1.213.1.1.4.323",TRE_R218_ModeAuthentification,,"Mode d'authentification",
https://mos.esante.gouv.fr/NOS/TRE_R219-AutreResponsableConsent/FHIR/TRE-R219-AutreResponsableConsent,20231215120000,active,"1.2.250.1.213.1.1.4.320",TRE_R219_AutreResponsableConsent,,"Autre responsable consentement",
https://mos.esante.gouv.fr/NOS/TRE_R22-GenreActivite/FHIR/TRE-R22-GenreActivite,20240329120000,active,"1.2.250.1.213.1.6.1.19",TRE_R22_GenreActivite,,"Genre d'activité",
https://mos.esante.gouv.fr/NOS/TRE_R220-ModeleDocumentCDAStructure/FHIR/TRE-R220-ModeleDocumentCDAStructure,20260629120000,active,"1.2.250.1.213.1.1.4.328",TRE_R220_ModeleDocumentCDAStructure,,"Identifiant des modèles de CDA structurés",
https://mos.esante.gouv.fr/NOS/TRE_R221-ModeleDocumentCDANonStructure/FHIR/TRE-R221-ModeleDocumentCDANonStructure,20251222120000,retired,"1.2.250.1.213.1.1.4.329",TRE_R221_ModeleDocumentCDANonStructure,,"Identifiant des modèles de CDA non structurés",
https://mos.esante.gouv.fr/NOS/TRE_R222-MediaTypeCorpsCDANonStructure/FHIR/TRE-R222-MediaTypeCorpsCDANonStructure,20251222120000,retired,"1.2.250.1.213.1.1.4.330",TRE_R222_MediaTypeCorpsCDANonStructure,,"Identifiant des modèles de CDA non structurés",
https://mos.esante.gouv.fr/NOS/TRE_R223-NatCycleForm/FHIR/TRE-R223-NatCycleForm,20231215120000,active,"1.2.250.1.213.1.6.1.115",TRE_R223_NatCycleForm,,"Nature du cycle de formation des étudiants",
https://mos.esante.gouv.fr/NOS/TRE_R224-NiveauFormAcquis/FHIR/TRE-R224-NiveauFormAcquis,20231215120000,active,"1.2.250.1.213.1.6.1.116",TRE_R224_NiveauFormAcquis,,"Niveaux de formation acquis dans le cycle de formation des étudiants",
https://mos.esante.gouv.fr/NOS/TRE_R225-AnneeUniversitaire/FHIR/TRE-R225-AnneeUniversitaire,20251009120000,active,"1.2.250.1.213.1.6.1.117",TRE_R225_AnneeUniversitaire,,"Année universitaire",
https://mos.esante.gouv.fr/NOS/TRE_R226-Dip2iemeCycleNQ/FHIR/TRE-R226-Dip2iemeCycleNQ,20231215120000,active,"1.2.250.1.213.1.6.1.118",TRE_R226_Dip2iemeCycleNQ,,"Diplôme de 2ième cycle non qualifiant",
https://mos.esante.gouv.fr/NOS/TRE_R227-ChampActivite/FHIR/TRE-R227-ChampActivite,20260330120000,active,"1.2.250.1.213.3.3.17",TRE_R227_ChampActivite,,"Champ d'activité",
https://mos.esante.gouv.fr/NOS/TRE_R228-UnitePrix/FHIR/TRE-R228-UnitePrix,20231215120000,active,"1.2.250.1.213.3.3.18",TRE_R228_UnitePrix,,"Unité de prix",
https://mos.esante.gouv.fr/NOS/TRE_R23-ModeExercice/FHIR/TRE-R23-ModeExercice,20260202120000,active,"1.2.250.1.213.1.6.1.18",TRE_R23_ModeExercice,,"Mode d'exercice",
https://mos.esante.gouv.fr/NOS/TRE_R230-Devise/FHIR/TRE-R230-Devise,20231215120000,active,"1.2.250.1.213.3.3.20",TRE_R230_Devise,,"Devise",
https://mos.esante.gouv.fr/NOS/TRE_R231-PalierAuthentification/FHIR/TRE-R231-PalierAuthentification,20231215120000,active,"1.2.250.1.213.1.5.1.1.1",TRE_R231_PalierAuthentification,,"Paliers des référentiels d'authentification de la PGSSI-S",
https://mos.esante.gouv.fr/NOS/TRE_R232-TypeFermetureEJ/FHIR/TRE-R232-TypeFermetureEJ,20231215120000,retired,"1.2.250.1.213.1.6.1.120",TRE_R232_TypeFermetureEJ,,"Type de fermeture de l'entité juridique FINESS",
https://mos.esante.gouv.fr/NOS/TRE_R233-TypeFermetureEG/FHIR/TRE-R233-TypeFermetureEG,20231215120000,retired,"1.2.250.1.213.1.6.1.121",TRE_R233_TypeFermetureEG,,"Type de fermeture de l'entité géographique FINESS",
https://mos.esante.gouv.fr/NOS/TRE_R234-TypeNote/FHIR/TRE-R234-TypeNote,20231215120000,active,"1.2.250.1.213.1.1.4.334",TRE_R234_TypeNote,,"Type de note",
https://mos.esante.gouv.fr/NOS/TRE_R236-ModeGestion/FHIR/TRE-R236-ModeGestion,20231215120000,active,"1.2.250.1.213.3.3.23",TRE_R236_ModeGestion,,"Mode gestion",
https://mos.esante.gouv.fr/NOS/TRE_R237-GroupeTarifaireDependance/FHIR/TRE-R237-GroupeTarifaireDependance,20231215120000,active,"1.2.250.1.213.3.3.25",TRE_R237_GroupeTarifaireDependance,,"Niveau de dépendance associé à un tarif",
https://mos.esante.gouv.fr/NOS/TRE_R238-OuvertureAnnuelle/FHIR/TRE-R238-OuvertureAnnuelle,20231215120000,active,"1.2.250.1.213.3.3.27",TRE_R238_OuvertureAnnuelle,,"Ouverture annuelle",
https://mos.esante.gouv.fr/NOS/TRE_R239-PublicPrisEnCharge/FHIR/TRE-R239-PublicPrisEnCharge,20260730120000,active,"1.2.250.1.213.3.3.29",TRE_R239_PublicPrisEnCharge,,"Public pris en charge",
https://mos.esante.gouv.fr/NOS/TRE_R24-TypeActiviteLiberale/FHIR/TRE-R24-TypeActiviteLiberale,20231215120000,active,"1.2.250.1.213.1.6.1.22",TRE_R24_TypeActiviteLiberale,,"Type d'activité libérale",
https://mos.esante.gouv.fr/NOS/TRE_R240-TemporaliteAccueil/FHIR/TRE-R240-TemporaliteAccueil,20231215120000,active,"1.2.250.1.213.3.3.31",TRE_R240_TemporaliteAccueil,,"Temporalité accueil",
https://mos.esante.gouv.fr/NOS/TRE_R241-AideFinanciere/FHIR/TRE-R241-AideFinanciere,20231215120000,active,"1.2.250.1.213.3.3.33",TRE_R241_AideFinanciere,,"Habilit. de l'EG permettant aux pers. accueillies d'avoir des aides financières",
https://mos.esante.gouv.fr/NOS/TRE_R242-TypeHabitation/FHIR/TRE-R242-TypeHabitation,20231215120000,active,"1.2.250.1.213.3.3.35",TRE_R242_TypeHabitation,,"Type habitation",
https://mos.esante.gouv.fr/NOS/TRE_R243-CompetenceSpecifique/FHIR/TRE-R243-CompetenceSpecifique,20260730120000,active,"1.2.250.1.213.3.3.37",TRE_R243_CompetenceSpecifique,,"Compétence spécifique",
https://mos.esante.gouv.fr/NOS/TRE_R244-CategorieOrganisation/FHIR/TRE-R244-CategorieOrganisation,20260730120000,active,"1.2.250.1.213.3.3.39",TRE_R244_CategorieOrganisation,,"Catégorie d'organisation",
https://mos.esante.gouv.fr/NOS/TRE_R245-SpecialisationDePriseEnCharge/FHIR/TRE-R245-SpecialisationDePriseEnCharge,20260730120000,active,"1.2.250.1.213.3.3.41",TRE_R245_SpecialisationDePriseEnCharge,,"Spécialisation de prise en charge",
https://mos.esante.gouv.fr/NOS/TRE_R246-TypeTarif/FHIR/TRE-R246-TypeTarif,20231215120000,active,"1.2.250.1.213.3.3.43",TRE_R246_TypeTarif,,"Type tarif",
https://mos.esante.gouv.fr/NOS/TRE_R248-ModeAcces/FHIR/TRE-R248-ModeAcces,20250131120000,active,"1.2.250.1.213.1.1.4.336",TRE_R248_ModeAcces,,"Mode d'accès pour accéder à un SI santé avec données patients",
https://mos.esante.gouv.fr/NOS/TRE_R249-Sexe/FHIR/TRE-R249-Sexe,20231215120000,active,"1.2.250.1.213.2.53",TRE_R249_Sexe,,"Sexe",
https://mos.esante.gouv.fr/NOS/TRE_R25-MotifFinActivite/FHIR/TRE-R25-MotifFinActivite,20231215120000,active,"1.2.250.1.213.1.6.1.20",TRE_R25_MotifFinActivite,,"Motif de fin d'activité",
https://mos.esante.gouv.fr/NOS/TRE_R250-ConditionTarifaire/FHIR/TRE-R250-ConditionTarifaire,20231215120000,active,"1.2.250.1.213.3.3.46",TRE_R250_ConditionTarifaire,,"Les conditions d'accès à un tarif modulé",
https://mos.esante.gouv.fr/NOS/TRE_R251-FonctionContact/FHIR/TRE-R251-FonctionContact,20260730120000,active,"1.2.250.1.213.3.3.48",TRE_R251_FonctionContact,,"Un titre, une position, une fonction de la personne contact dans l'organisation",
https://mos.esante.gouv.fr/NOS/TRE_R252-TypeHoraire/FHIR/TRE-R252-TypeHoraire,20241025120000,active,"1.2.250.1.213.3.3.50",TRE_R252_TypeHoraire,,"Type horaire",
https://mos.esante.gouv.fr/NOS/TRE_R253-TypeMaternite/FHIR/TRE-R253-TypeMaternite,20231215120000,active,"1.2.250.1.213.3.3.52",TRE_R253_TypeMaternite,,"Type de maternité",
https://mos.esante.gouv.fr/NOS/TRE_R254-TypeEvenement/FHIR/TRE-R254-TypeEvenement,20240329120000,active,"1.2.250.1.213.1.1.4.337",TRE_R254_TypeEvenement,,"Liste de types d'évènement",
https://mos.esante.gouv.fr/NOS/TRE_R255-FluxStandardise/FHIR/TRE-R255-FluxStandardise,20231215120000,active,"1.2.250.1.213.1.1.4.338",TRE_R255_FluxStandardise,,"Liste de flux standardisés",
https://mos.esante.gouv.fr/NOS/TRE_R256-TypeMessagerie/FHIR/TRE-R256-TypeMessagerie,20231215120000,active,"1.2.250.1.213.3.3.54",TRE_R256_TypeMessagerie,,"Type de messagerie électronique",
https://mos.esante.gouv.fr/NOS/TRE_R257-TypeBAL/FHIR/TRE-R257-TypeBAL,20231215120000,active,"1.2.250.1.213.3.3.55",TRE_R257_TypeBAL,,"Type de boîte aux lettres",
https://mos.esante.gouv.fr/NOS/TRE_R258-RelationPriseCharge/FHIR/TRE-R258-RelationPriseCharge,20250523120000,active,"1.2.250.1.213.1.1.4.2.280",TRE_R258_RelationPriseCharge,,"Relation dans la prise en charge du patient",
https://mos.esante.gouv.fr/NOS/TRE_R259-HL7ParticipationFunction/FHIR/TRE-R259-HL7ParticipationFunction,20231215120000,active,"2.16.840.1.113883.5.88",TRE_R259_HL7ParticipationFunction,,"Rôles fonctionnels HL7",
https://mos.esante.gouv.fr/NOS/TRE_R260-HL7RoleClass/FHIR/TRE-R260-HL7RoleClass,20240426120000,active,"2.16.840.1.113883.5.110",TRE_R260_HL7RoleClass,,"Rôle de la personne point de contact auprès d'une autre personne repris de la terminologie HL7 v3 RoleClass (https://www.hl7.org/fhir/v3/RoleClass/cs.html)",
https://mos.esante.gouv.fr/NOS/TRE_R261-AutreSalarieStructureSante/FHIR/TRE-R261-AutreSalarieStructureSante,20231215120000,active,"1.2.250.1.213.1.6.1.122",TRE_R261_AutreSalarieStructureSante,,"Autre salariés d'une structure de santé",
https://mos.esante.gouv.fr/NOS/TRE_R262-CategorieSocioProfessionnelle/FHIR/TRE-R262-CategorieSocioProfessionnelle,20231215120000,active,"1.2.250.1.213.1.6.1.123",TRE_R262_CategorieSocioProfessionnelle,,"Catégories socio-professionnelles",
https://mos.esante.gouv.fr/NOS/TRE_R263-TypeNumeroIdentification/FHIR/TRE-R263-TypeNumeroIdentification,20231215120000,active,"1.2.250.1.213.3.3.57",TRE_R263_TypeNumeroIdentification,,"Type de numéro d'identification",
https://mos.esante.gouv.fr/NOS/TRE_R264-PrestationNonObligatoireIncluse/FHIR/TRE-R264-PrestationNonObligatoireIncluse,20260730120000,active,"1.2.250.1.213.3.3.59",TRE_R264_PrestationNonObligatoireIncluse,,"Prestations non obligatoire incluses",
https://mos.esante.gouv.fr/NOS/TRE_R266-FamilleActiviteOperationnelleHorsSerafin/FHIR/TRE-R266-FamilleActiviteOperationnelleHorsSerafin,20231215120000,active,"1.2.250.1.213.3.3.61",TRE_R266_FamilleActiviteOperationnelleHorsSerafin,,"Familles activités opérationnelles hors Serafin",
https://mos.esante.gouv.fr/NOS/TRE_R267-SexeProvenanceISO/FHIR/TRE-R267-SexeProvenanceISO,20231215120000,active,"1.2.250.1.213.2.55",TRE_R267_SexeProvenanceISO,,"Codes de représentation des sexes humains provenant de la norme ISO 5218",
https://mos.esante.gouv.fr/NOS/TRE_R268-PaysProvenanceISO/FHIR/TRE-R268-PaysProvenanceISO,20240126120000,active,"1.2.250.1.213.2.57",TRE_R268_PaysProvenanceISO,,"Référentiel des pays provenant de la norme ISO 3166",
https://mos.esante.gouv.fr/NOS/TRE_R269-AvailabilityStatusProvenanceOasis/FHIR/TRE-R269-AvailabilityStatusProvenanceOasis,20231215120000,active,"1.2.250.1.213.1.1.4.341",TRE_R269_AvailabilityStatusProvenanceOasis,,"Statut de l'objet provenant de la norme Oasis",
https://mos.esante.gouv.fr/NOS/TRE_R270-AvailabilityStatus/FHIR/TRE-R270-AvailabilityStatus,20231215120000,active,"1.2.250.1.213.1.1.4.342",TRE_R270_AvailabilityStatus,,"Statut de l'objet",
https://mos.esante.gouv.fr/NOS/TRE_R271-TypeRequete/FHIR/TRE-R271-TypeRequete,20231215120000,active,"1.2.250.1.213.1.1.4.11",TRE_R271_TypeRequete,,"Code de type requêtes",
https://mos.esante.gouv.fr/NOS/TRE_R272-EquipementMaterielLourd/FHIR/TRE-R272-EquipementMaterielLourd,20231215120000,active,"1.2.250.1.213.1.6.1.124",TRE_R272_EquipementMaterielLourd,,"Equipements Matériels Lourds",
https://mos.esante.gouv.fr/NOS/TRE_R274-ActiviteSanitaireRegulee/FHIR/TRE-R274-ActiviteSanitaireRegulee,20231215120000,active,"1.2.250.1.213.1.6.1.126",TRE_R274_ActiviteSanitaireRegulee,,"Activités sanitaires soumises à une régulation de la part de l'ARS",
https://mos.esante.gouv.fr/NOS/TRE_R275-ModaliteActivite/FHIR/TRE-R275-ModaliteActivite,20231215120000,active,"1.2.250.1.213.1.6.1.127",TRE_R275_ModaliteActivite,,"Mode d'application ou type de soins encadrant une activité",
https://mos.esante.gouv.fr/NOS/TRE_R276-FormeActivite/FHIR/TRE-R276-FormeActivite,20240329120000,active,"1.2.250.1.213.1.6.1.128",TRE_R276_FormeActivite,,"Type d'organisation de prise en charge",
https://mos.esante.gouv.fr/NOS/TRE_R277-CategorieActiviteSanitaireRegulee/FHIR/TRE-R277-CategorieActiviteSanitaireRegulee,20260223120000,retired,"1.2.250.1.213.1.6.1.129",TRE_R277_CategorieActiviteSanitaireRegulee,,"Types d'activités autorisées",
https://mos.esante.gouv.fr/NOS/TRE_R278-FinessConvention/FHIR/TRE-R278-FinessConvention,20250131120000,active,"1.2.250.1.213.1.6.1.131",TRE_R278_FinessConvention,,"Convention du domaine social FINESS",
https://mos.esante.gouv.fr/NOS/TRE_R279-Clientele/FHIR/TRE-R279-Clientele,20260629120000,active,"1.2.250.1.213.1.6.1.132",TRE_R279_Clientele,,"Clientèles",
https://mos.esante.gouv.fr/NOS/TRE_R280-DisciplineEquipementSocial/FHIR/TRE-R280-DisciplineEquipementSocial,20260601120000,active,"1.2.250.1.213.1.6.1.133",TRE_R280_DisciplineEquipementSocial,,"Disciplines d'équipement pour le social",
https://mos.esante.gouv.fr/NOS/TRE_R281-DisciplineEnseignement/FHIR/TRE-R281-DisciplineEnseignement,20240329120000,active,"1.2.250.1.213.1.6.1.134",TRE_R281_DisciplineEnseignement,,"Disciplines pour l'enseignement",
https://mos.esante.gouv.fr/NOS/TRE_R282-CNAMAmeliSecteurConventionnement/FHIR/TRE-R282-CNAMAmeliSecteurConventionnement,20231215120000,active,"1.2.250.1.213.1.6.1.135",TRE_R282_CNAMAmeliSecteurConventionnement,,"Secteur de conventionnement du professionnel libéral par la CNAM extracts ameli",
https://mos.esante.gouv.fr/NOS/TRE_R283-NiveauConfidentialite/FHIR/TRE-R283-NiveauConfidentialite,20260505120000,active,"1.2.250.1.213.1.1.4.344",TRE_R283_NiveauConfidentialite,,"Niveau de restriction d'accès",
https://mos.esante.gouv.fr/NOS/TRE_R284-NiveauRecoursORSAN/FHIR/TRE-R284-NiveauRecoursORSAN,20231215120000,active,"1.2.250.1.213.1.1.4.345",TRE_R284_NiveauRecoursORSAN,,"Hiérarchisation fonctionnelle des Éts pour accueil patients après le SAMU",
https://mos.esante.gouv.fr/NOS/TRE_R285-TraitementDocument/FHIR/TRE-R285-TraitementDocument,20231215120000,active,"1.2.250.1.213.1.1.4.346",TRE_R285_TraitementDocument,,"Traitement du document",
https://mos.esante.gouv.fr/NOS/TRE_R286-TypeFermeture/FHIR/TRE-R286-TypeFermeture,20260505120000,active,"1.2.250.1.213.1.6.1.136",TRE_R286_TypeFermeture,,"Type de fermeture, codes provenant du FINESS pour les EJ et EG",
https://mos.esante.gouv.fr/NOS/TRE_R287-NatureContact/FHIR/TRE-R287-NatureContact,20241213120000,active,"1.2.250.1.213.3.3.67",TRE_R287_NatureContact,,"Un service ou un guichet assurant le contact au sein de l'organisation",
https://mos.esante.gouv.fr/NOS/TRE_R288-TypeProfession/FHIR/TRE-R288-TypeProfession,20231215120000,active,"1.2.250.1.213.1.6.1.137",TRE_R288_TypeProfession,,"Type de profession",
https://mos.esante.gouv.fr/NOS/TRE_R289-TypeFonction/FHIR/TRE-R289-TypeFonction,20231215120000,active,"1.2.250.1.213.1.6.1.138",TRE_R289_TypeFonction,,"Type de fonction",
https://mos.esante.gouv.fr/NOS/TRE_R290-RoleAdmTechSanitaireSocial/FHIR/TRE-R290-RoleAdmTechSanitaireSocial,20231215120000,active,"1.2.250.1.213.1.6.1.139",TRE_R290_RoleAdmTechSanitaireSocial,,"Rôle administratif et-ou technique des domaines sanitaire et social",
https://mos.esante.gouv.fr/NOS/TRE_R291-AutreProfession/FHIR/TRE-R291-AutreProfession,20231215120000,active,"1.2.250.1.213.1.6.1.140",TRE_R291_AutreProfession,,"Liste de professionnels non membres d'une profession réglementée",
https://mos.esante.gouv.fr/NOS/TRE_R292-INSEECategorieSocioProfessionnelleAgrNiv1/FHIR/TRE-R292-INSEECategorieSocioProfessionnelleAgrNiv1,20231215120000,active,"1.2.250.1.213.1.6.1.181",TRE_R292_INSEECategorieSocioProfessionnelleAgrNiv1,,"Codes de niveau 1 des catégories socio-professionnelles de l'INSEE",
https://mos.esante.gouv.fr/NOS/TRE_R293-AgregatClienteleNiv2/FHIR/TRE-R293-AgregatClienteleNiv2,20231215120000,active,"1.2.250.1.213.1.6.1.192",TRE_R293_AgregatClienteleNiv2,,"Agrégats de clientèle niveau 2",
https://mos.esante.gouv.fr/NOS/TRE_R294-AgregatClienteleNiv3/FHIR/TRE-R294-AgregatClienteleNiv3,20231215120000,active,"1.2.250.1.213.1.6.1.193",TRE_R294_AgregatClienteleNiv3,,"Agrégats de clientèle niveau 3",
https://mos.esante.gouv.fr/NOS/TRE_R295-AgregatDisciplineEnseignNiv1/FHIR/TRE-R295-AgregatDisciplineEnseignNiv1,20231215120000,active,"1.2.250.1.213.1.6.1.195",TRE_R295_AgregatDisciplineEnseignNiv1,,"Agrégats de disciplines pour l'enseignement niveau 1",
https://mos.esante.gouv.fr/NOS/TRE_R296-AgregatDisciplineEnseignNiv2/FHIR/TRE-R296-AgregatDisciplineEnseignNiv2,20231215120000,active,"1.2.250.1.213.1.6.1.196",TRE_R296_AgregatDisciplineEnseignNiv2,,"Agrégats de disciplines pour l'enseignement niveau 2",
https://mos.esante.gouv.fr/NOS/TRE_R297-AgregatDisciplineEnseignNiv3/FHIR/TRE-R297-AgregatDisciplineEnseignNiv3,20231215120000,active,"1.2.250.1.213.1.6.1.197",TRE_R297_AgregatDisciplineEnseignNiv3,,"Agrégats de disciplines pour l'enseignement niveau 3",
https://mos.esante.gouv.fr/NOS/TRE_R298-AgregatDisciplineEquipSocNiv1/FHIR/TRE-R298-AgregatDisciplineEquipSocNiv1,20231215120000,active,"1.2.250.1.213.1.6.1.202",TRE_R298_AgregatDisciplineEquipSocNiv1,,"Agrégats de disciplines d'équipement pour le social niveau 1",
https://mos.esante.gouv.fr/NOS/TRE_R299-AgregatDisciplineEquipSocNiv2/FHIR/TRE-R299-AgregatDisciplineEquipSocNiv2,20231215120000,active,"1.2.250.1.213.1.6.1.203",TRE_R299_AgregatDisciplineEquipSocNiv2,,"Agrégats de disciplines d'équipement pour le social niveau 2",
https://mos.esante.gouv.fr/NOS/TRE_R30-RegionOM/FHIR/TRE-R30-RegionOM,20240628120000,active,"1.2.250.1.213.2.25",TRE_R30_RegionOM,,"Référentiel des codes régions et collectivités d'outre-mer provenant du COG INSEE + Monaco",
https://mos.esante.gouv.fr/NOS/TRE_R300-AgregatDisciplineEquipSocNiv3/FHIR/TRE-R300-AgregatDisciplineEquipSocNiv3,20231215120000,active,"1.2.250.1.213.1.6.1.204",TRE_R300_AgregatDisciplineEquipSocNiv3,,"Agrégats de disciplines d'équipement pour le social niveau 3",
https://mos.esante.gouv.fr/NOS/TRE_R301-SourceInformationInstallation/FHIR/TRE-R301-SourceInformationInstallation,20260223120000,retired,"1.2.250.1.213.1.6.1.208",TRE_R301_SourceInformationInstallation,,"Sources d'information possible concernant l'installation de l'activité sociale",
https://mos.esante.gouv.fr/NOS/TRE_R302-ContexteCodeComplementaire/FHIR/TRE-R302-ContexteCodeComplementaire,20240426120000,active,"1.2.250.1.213.3.3.70",TRE_R302_ContexteCodeComplementaire,,"Liste des codes complémentaires utilisables dans un contexte particulier",
https://mos.esante.gouv.fr/NOS/TRE_R303-HL7v3AdministrativeGender/FHIR/TRE-R303-HL7v3AdministrativeGender,20231215120000,active,"2.16.840.1.113883.5.1",TRE_R303_HL7v3AdministrativeGender,,"Sexe d'une personne utilisée à des fins administratives (par opposition au sexe clinique) repris de la terminologie HL7 v3 AdministrativeGender (https://www.hl7.org/fhir/v3/AdministrativeGender/cs.html)",
https://mos.esante.gouv.fr/NOS/TRE_R304-HL7v3ActCode/FHIR/TRE-R304-HL7v3ActCode,20231215120000,active,"2.16.840.1.113883.5.4",TRE_R304_HL7v3ActCode,,"Type de prise en charge repris de la terminologie HL7 v3 ActCode (https://www.hl7.org/fhir/v3/ActCode/cs.html)",
https://mos.esante.gouv.fr/NOS/TRE_R305-TypeRencontre/FHIR/TRE-R305-TypeRencontre,20231215120000,active,"1.2.250.1.213.1.1.4.2.291",TRE_R305_TypeRencontre,,"Type de rencontre",
https://mos.esante.gouv.fr/NOS/TRE_R31-StatutEtatCivil/FHIR/TRE-R31-StatutEtatCivil,20250131120000,active,"1.2.250.1.213.1.6.1.9",TRE_R31_StatutEtatCivil,,"Status de l'état civil",
https://mos.esante.gouv.fr/NOS/TRE_R314-TypeCreneau/FHIR/TRE-R314-TypeCreneau,20240726120000,active,"1.2.250.1.213.3.3.71",TRE_R314_TypeCreneau,,"Type de créneaux de soins définis par un professionnel de santé ou son délégataire dans son logiciel de prise de RDV selon la visibilité associée",
https://mos.esante.gouv.fr/NOS/TRE_R316-AutreCategorieEtablissement/FHIR/TRE-R316-AutreCategorieEtablissement,20240329120000,active,"1.2.250.1.213.1.6.1.239",TRE_R316_AutreCategorieEtablissement,,"Cette table de référence permet d'identifier des catégories d'établissements qui ne sont pas présentes dans la TRE R66 qui est une table de référence ne listant que les catégories d'établissements présentes dans le FINESS",
https://mos.esante.gouv.fr/NOS/TRE_R317-SituationVieQuotidienne/FHIR/TRE-R317-SituationVieQuotidienne,20240329120000,active,"1.2.250.1.213.3.3.72",TRE_R317_SituationVieQuotidienne,,"Caractérise la situation de vie de la personne : vit seule ou avec d'autres personnes",
https://mos.esante.gouv.fr/NOS/TRE_R318-BesoinAideMobilite/FHIR/TRE-R318-BesoinAideMobilite,20240329120000,active,"1.2.250.1.213.3.3.73",TRE_R318_BesoinAideMobilite,,"Caractérise les besoins d'aide de la personne en matière de mobilité",
https://mos.esante.gouv.fr/NOS/TRE_R319-BesoinAideVieSociales/FHIR/TRE-R319-BesoinAideVieSociale,20240329120000,active,"1.2.250.1.213.3.3.74",TRE_R319_BesoinAideVieSociale,,"Caractérise les besoins d'aide de la personne en matière de vie sociale",
https://mos.esante.gouv.fr/NOS/TRE_R32-StatutHospitalier/FHIR/TRE-R32-StatutHospitalier,20231215120000,active,"1.2.250.1.213.1.6.1.21",TRE_R32_StatutHospitalier,,"Statut hospitalier",
https://mos.esante.gouv.fr/NOS/TRE_R320-BesoinCommunication/FHIR/TRE-R320-BesoinCommunication,20240329120000,active,"1.2.250.1.213.3.3.75",TRE_R320_BesoinCommunication,,"Caractérise les besoins d'aide de la personne en matière de scolarité, en lien avec la communication",
https://mos.esante.gouv.fr/NOS/TRE_R321-BesoinEntretienPersonnel/FHIR/TRE-R321-BesoinEntretienPersonnel,20240329120000,active,"1.2.250.1.213.3.3.76",TRE_R321_BesoinEntretienPersonnel,,"Caractérise les besoins d'aide de la personne en matière de scolarité, en lien avec l'entretien personnel",
https://mos.esante.gouv.fr/NOS/TRE_R322-BesoinMobilite/FHIR/TRE-R322-BesoinMobilite,20240329120000,active,"1.2.250.1.213.3.3.77",TRE_R322_BesoinMobilite,,"Caractérise les besoins d'aide de la personne en matière de scolarité, en lien avec la mobilité",
https://mos.esante.gouv.fr/NOS/TRE_R323-BesoinScolarite/FHIR/TRE-R323-BesoinScolarite,20240329120000,active,"1.2.250.1.213.3.3.78",TRE_R323_BesoinScolarite,,"Caractérise les besoins d'aide de la personne en matière de scolarité, en lien avec les apprentissages",
https://mos.esante.gouv.fr/NOS/TRE_R324-BesoinSoutienProjetProfessionnel/FHIR/TRE-R324-BesoinSoutienProjetProfessionnel,20240329120000,active,"1.2.250.1.213.3.3.79",TRE_R324_BesoinSoutienProjetProfessionnel,,"Cette nomenclature permet de préciser le besoin du demandeur quant à l'établissement de son ou ses projet(s) professionnel(s)",
https://mos.esante.gouv.fr/NOS/TRE_R325-SituationProfessionnelle/FHIR/TRE-R325-SituationProfessionnelle,20240329120000,active,"1.2.250.1.213.3.3.80",TRE_R325_SituationProfessionnelle,,"Caractérise la situation professionnelle de la personne",
https://mos.esante.gouv.fr/NOS/TRE_R326-SituationSansEmploi/FHIR/TRE-R326-SituationSansEmploi,20240329120000,active,"1.2.250.1.213.3.3.81",TRE_R326_SituationSansEmploi,,"Caractérise la situation de la personne lorsqu'elle est sans emploi",
https://mos.esante.gouv.fr/NOS/TRE_R327-TypeDecision/FHIR/TRE-R327-TypeDecision,20260505120000,active,"1.2.250.1.213.3.3.82",TRE_R327_TypeDecision,,"Caractérise le type de décision prise par la CDAPH en réponse à une demande de compensation d'un usager (individu ou représentant légal), à une demande de révision par un tiers ou à un recours administratif préalable obligatoire (RAPO) d'un usager.",
https://mos.esante.gouv.fr/NOS/TRE_R328-TypeScolarisation/FHIR/TRE-R328-TypeScolarisation,20240329120000,active,"1.2.250.1.213.3.3.83",TRE_R328_TypeScolarisation,,"Caractérise la situation scolaire de la personne",
https://mos.esante.gouv.fr/NOS/TRE_R329-NatureCapacite/FHIR/TRE-R329-NatureCapacite,20260505120000,active,"1.2.250.1.213.3.3.212",TRE_R329_NatureCapacite,,"Permet d'indiquer si la capacité est exprimée en lits ou en places",
https://mos.esante.gouv.fr/NOS/TRE_R33-StatutInscription/FHIR/TRE-R33-StatutInscription,20231215120000,active,"1.2.250.1.213.1.6.1.12",TRE_R33_StatutInscription,,"Statut de l'inscription",
https://mos.esante.gouv.fr/NOS/TRE_R330-TypeStatutCapacite/FHIR/TRE-R330-TypeStatutCapacite,20250328120000,active,"1.2.250.1.213.3.3.213",TRE_R330_TypeStatutCapacite,,"Permet de préciser le statut des capacités concernées",
https://mos.esante.gouv.fr/NOS/TRE_R331-TemporaliteCapacite/FHIR/TRE-R331-TemporaliteCapacite,20231215120000,active,"1.2.250.1.213.3.3.214",TRE_R331_TemporaliteCapacite,,"Sert à indiquer le moment où une capacité sera effective. Il est ainsi possible de décrire la situation immédiate ou de fournir une information prospective de capacités, prenant notamment en compte les entrées et sorties déjà identifiés de patients",
https://mos.esante.gouv.fr/NOS/TRE_R332-GenreCapacite/FHIR/TRE-R332-GenreCapacite,20250828120000,active,"1.2.250.1.213.3.3.215",TRE_R332_GenreCapacite,,"Permet d'indiquer le genre des patients qui peuvent être installés dans des lits disponibles",
https://mos.esante.gouv.fr/NOS/TRE_R333-TypeFermetureCapacite/FHIR/TRE-R333-TypeFermetureCapacite,20231215120000,active,"1.2.250.1.213.3.3.216",TRE_R333_TypeFermetureCapacite,,"Permet d'indiquer le statut de lits fermés, afin d'identifier le nombre de lits fermés qui peuvent être réactivés en cas de besoin et le nombre de ceux qui ne peuvent pas l'être",
https://mos.esante.gouv.fr/NOS/TRE_R334-TypeLitSupplementaire/FHIR/TRE-R334-TypeLitSupplementaire,20231215120000,active,"1.2.250.1.213.3.3.217",TRE_R334_TypeLitSupplementaire,,"Permet d'indiquer le statut de lits supplémentaires, pour identifier le nombre de lits supplémentaires déjà mobilisés et, par typologie de mobilisation possible, le nombre de lits qui ne le sont pas encore",
https://mos.esante.gouv.fr/NOS/TRE_R335-TypeSourceCapacite/FHIR/TRE-R335-TypeSourceCapacite,20231215120000,active,"1.2.250.1.213.3.3.218",TRE_R335_TypeSourceCapacite,,"Permet d'indiquer quel type de source est à l'origine de l'information de capacité",
https://mos.esante.gouv.fr/NOS/TRE_R336-TypeCrise/FHIR/TRE-R336-TypeCrise,20231215120000,active,"1.2.250.1.213.3.3.219",TRE_R336_TypeCrise,,"Permet d'indiquer le type de crise qui permet de mobiliser le nombre de lits supplémentaires décrits",
https://mos.esante.gouv.fr/NOS/TRE_R337-AffectationTemporaire/FHIR/TRE-R337-AffectationTemporaire,20231215120000,active,"1.2.250.1.213.3.3.220",TRE_R337_AffectationTemporaire,,"Permet d'indiquer la réservation de tout ou partie des lits d'une zone d'hébergement pour des patients selon qu'ils soient -ou non- concernés par une pathologie (Covid+, Covid-, …) ou un évènement (catastrophe naturelle, attentat, …)",
https://mos.esante.gouv.fr/NOS/TRE_R338-ModaliteAccueil/FHIR/TRE-R338-ModaliteAccueil,20260730120000,active,"1.2.250.1.213.3.3.221",TRE_R338_ModaliteAccueil,,"Modalités d'accueil",
https://mos.esante.gouv.fr/NOS/TRE_R34-StatutProfessionnelSSA/FHIR/TRE-R34-StatutProfessionnelSSA,20231215120000,active,"1.2.250.1.213.1.6.1.23",TRE_R34_StatutProfessionnelSSA,,"Statut du professionnel au SSA",
https://mos.esante.gouv.fr/NOS/TRE_R340-TypeCaracteristiqueEquipement/FHIR/TRE-R340-TypeCaracteristiqueEquipement,20240329120000,active,"1.2.250.1.213.3.3.223",TRE_R340_TypeCaracteristiqueEquipement,,"Type de caractéristique de l'équipement",
https://mos.esante.gouv.fr/NOS/TRE_R341-StatutCommunication/FHIR/TRE-R341-StatutCommunication,20231215120000,active,"1.2.250.1.213.3.3.226",TRE_R341_StatutCommunication,,"Permet de donner une indication pour savoir une action doit être menée ou de son résultat lorsqu'elle a été menée",
https://mos.esante.gouv.fr/NOS/TRE_R342-XdsTypesIdentifiantsReferenceId/FHIR/TRE-R342-XdsTypesIdentifiantsReferenceId,20231215120000,active,"1.2.250.1.213.1.1.4.347",TRE_R342_XdsTypesIdentifiantsReferenceId,,"Types d'identifiants utilisés dans la métadonnée XDS referenceIdList de la fiche du document. Ces types d'identifiants sont spécifiés dans une terminologie incluse dans le profil XDS dans le Cadre Technique d'IHE IT Infrastructure.",
https://mos.esante.gouv.fr/NOS/TRE_R343-FonctionLieu/FHIR/TRE-R343-FonctionLieu,20260601120000,active,"1.2.250.1.213.3.3.227",TRE_R343_FonctionLieu,,"Destination d'usage du lieu",
https://mos.esante.gouv.fr/NOS/TRE_R344-NiveauExpertise/FHIR/TRE-R344-NiveauExpertise,20260730120000,active,"1.2.250.1.213.3.3.228",TRE_R344_NiveauExpertise,,"Le niveau d'expertise atteste du niveau de ressources humaines et matérielles engagées dans la réalisation de l'offre et défini dans un cahier des charges officiel.",
https://mos.esante.gouv.fr/NOS/TRE_R345-TypeIdentifiantAutre/FHIR/TRE-R345-TypeIdentifiantAutre,20240329120000,active,"1.2.250.1.213.3.3.229",TRE_R345_TypeIdentifiantAutre,,"Autre Type d'identifiant",
https://mos.esante.gouv.fr/NOS/TRE_R348-FormationSpecialiseeTransversale/FHIR/TRE-R348-FormationSpecialiseeTransversale,20251222120000,active,"1.2.250.1.213.1.6.1.251",TRE_R348_FormationSpecialiseeTransversale,,"Formation Spécialisée Transversale (FST)",
https://mos.esante.gouv.fr/NOS/TRE_R349-ActionAnomalie/FHIR/TRE-R349-ActionAnomalie,20231215120000,active,"1.2.250.1.213.3.3.239",TRE_R349_ActionAnomalie,,"Action attendue dans le cadre de la gestion d'une anomalie",
https://mos.esante.gouv.fr/NOS/TRE_R35-TypeVoie/FHIR/TRE-R35-TypeVoie,20231215120000,retired,"1.2.250.1.213.2.44",TRE_R35_TypeVoie,,"Type de voie",
https://mos.esante.gouv.fr/NOS/TRE_R350-ThematiqueAnomalie/FHIR/TRE-R350-ThematiqueAnomalie,20231215120000,active,"1.2.250.1.213.3.3.240",TRE_R350_ThematiqueAnomalie,,"Thématique caractérisant une anomalie",
https://mos.esante.gouv.fr/NOS/TRE_R352-StatutMetierAnomalie/FHIR/TRE-R352-StatutMetierAnomalie,20231215120000,active,"1.2.250.1.213.3.3.242",TRE_R352_StatutMetierAnomalie,,"Statut métier des anomalies",
https://mos.esante.gouv.fr/NOS/TRE_R354-TypeIdentifiantRessourceOperationnelle/FHIR/TRE-R354-TypeIdentifiantRessourceOperationnelle,20240329120000,active,"1.2.250.1.213.3.3.244",TRE_R354_TypeIdentifiantRessourceOperationnelle,,"Type d'identifiant des ressources opérationnelles",
https://mos.esante.gouv.fr/NOS/TRE_R355-TypeIdentifiantOffre/FHIR/TRE-R355-TypeIdentifiantOffre,20240329120000,active,"1.2.250.1.213.3.3.245",TRE_R355_TypeIdentifiantOffre,,"Type d'identifiant de l'offre",
https://mos.esante.gouv.fr/NOS/TRE_R356-ProfessionRessource/FHIR/TRE-R356-ProfessionRessource,20260730120000,active,"1.2.250.1.213.3.3.246",TRE_R356_ProfessionRessource,,"Profession Ressource",
https://mos.esante.gouv.fr/NOS/TRE_R357-StatutPersonnePriseCharge/FHIR/TRE-R357-StatutPersonnePriseCharge,20231215120000,active,"1.2.250.1.213.3.3.247",TRE_R357_StatutPersonnePriseCharge,,"Statut de la personne prise en charge.",
https://mos.esante.gouv.fr/NOS/TRE_R358-MotifStatutPersonnePriseCharge/FHIR/TRE-R358-MotifStatutPersonnePriseCharge,20231215120000,active,"1.2.250.1.213.3.3.248",TRE_R358_MotifStatutPersonnePriseCharge,,"Motif du statut de la personne prise en charge",
https://mos.esante.gouv.fr/NOS/TRE_R359-SurspecialiteTransversale/FHIR/TRE-R359-SurspecialiteTransversale,20251222120000,active,"1.2.250.1.213.2.76",TRE_R359_SurspecialiteTransversale,,"Surspécialité (compétence) acquise par l'interne à l'issue d'une Formation Spécialisée Transversale (FST)",
https://mos.esante.gouv.fr/NOS/TRE_R36-AutreDiplomeObtenu/FHIR/TRE-R36-AutreDiplomeObtenu,20231215120000,active,"1.2.250.1.213.1.6.1.54",TRE_R36_AutreDiplomeObtenu,,"Autre diplôme obtenu",
https://mos.esante.gouv.fr/NOS/TRE_R368-StatutRessource/FHIR/TRE-R368-StatutRessource,20260505120000,active,"1.2.250.1.213.3.3.250",TRE_R368_StatutRessource,,"Caractérise le statut d'une ressource du médico-social au cours de son cycle de vie",
https://mos.esante.gouv.fr/NOS/TRE_R369_ProfilUtilisateurReferentielNational/FHIR/TRE-R369-ProfilUtilisateurReferentielNational,20250328120000,active,"1.2.250.1.213.3.3.255",TRE_R369_ProfilUtilisateurReferentielNational,,"Profils utilisateur d'un référentiel national",
https://mos.esante.gouv.fr/NOS/TRE_R37-TypeProfessionFonction/FHIR/TRE-R37-TypeProfessionFonction,20231215120000,active,"1.2.250.1.213.1.6.1.3",TRE_R37_TypeProfessionFonction,,"Type des professions et des fonctions",
https://mos.esante.gouv.fr/NOS/TRE_R38-SpecialiteOrdinale/FHIR/TRE-R38-SpecialiteOrdinale,20260730120000,active,"1.2.250.1.213.2.28",TRE_R38_SpecialiteOrdinale,,"Spécialité ordinale",
https://mos.esante.gouv.fr/NOS/TRE_R39-Competence/FHIR/TRE-R39-Competence,20240628120000,active,"1.2.250.1.213.2.29",TRE_R39_Competence,,"Compétence",
https://mos.esante.gouv.fr/NOS/TRE_R391-MotifRestrictionDiffusion/FHIR/TRE-R391-MotifRestrictionDiffusion,20250425120000,active,"1.2.250.1.213.3.3.259",TRE_R391_MotifRestrictionDiffusion,,"Nomenclature contenant les motifs de restriction de diffusion",
https://mos.esante.gouv.fr/NOS/TRE_R40-CompetenceExclusive/FHIR/TRE-R40-CompetenceExclusive,20231215120000,active,"1.2.250.1.213.2.30",TRE_R40_CompetenceExclusive,,"Compétence exclusive",
https://mos.esante.gouv.fr/NOS/TRE_R42-DESCnonQualifiant/FHIR/TRE-R42-DESCnonQualifiant,20240628120000,active,"1.2.250.1.213.2.32",TRE_R42_DESCnonQualifiant,,"Savoir-faire liés aux DESC du groupe 1 non qualifiants",
https://mos.esante.gouv.fr/NOS/TRE_R43-CapaciteSavoirFaire/FHIR/TRE-R43-CapaciteSavoirFaire,20231215120000,active,"1.2.250.1.213.2.33",TRE_R43_CapaciteSavoirFaire,,"Capacité (savoir-faire)",
https://mos.esante.gouv.fr/NOS/TRE_R44-QualificationPAC/FHIR/TRE-R44-QualificationPAC,20231215120000,active,"1.2.250.1.213.2.34",TRE_R44_QualificationPAC,,"Qualification de praticien adjoint contractuel",
https://mos.esante.gouv.fr/NOS/TRE_R45-FonctionQualifiee/FHIR/TRE-R45-FonctionQualifiee,20231215120000,active,"1.2.250.1.213.2.35",TRE_R45_FonctionQualifiee,,"Fonction qualifiée",
https://mos.esante.gouv.fr/NOS/TRE_R46-SpecialiteConcoursHospitalier/FHIR/TRE-R46-SpecialiteConcoursHospitalier,20231215120000,retired,"1.2.250.1.213.2.36",TRE_R46_SpecialiteConcoursHospitalier,,"Spécialité de concours hospitalier",
https://mos.esante.gouv.fr/NOS/TRE_R48-DiplomeEtatFrancais/FHIR/TRE-R48-DiplomeEtatFrancais,20250425120000,active,"1.2.250.1.213.1.6.1.31",TRE_R48_DiplomeEtatFrancais,,"Diplôme de l'Etat français",
https://mos.esante.gouv.fr/NOS/TRE_R49-DiplomeEtudeSpecialisee/FHIR/TRE-R49-DiplomeEtudeSpecialisee,20240531120000,active,"1.2.250.1.213.1.6.1.32",TRE_R49_DiplomeEtudeSpecialisee,,"Diplôme d'Etudes Spécialisées",
https://mos.esante.gouv.fr/NOS/TRE_R50-DESCGroupe1Diplome/FHIR/TRE-R50-DESCGroupe1Diplome,20231215120000,active,"1.2.250.1.213.1.6.1.48",TRE_R50_DESCGroupe1Diplome,,"DESC Groupe 1 (diplôme)",
https://mos.esante.gouv.fr/NOS/TRE_R51-DESCGroupe2Diplome/FHIR/TRE-R51-DESCGroupe2Diplome,20231215120000,active,"1.2.250.1.213.1.6.1.49",TRE_R51_DESCGroupe2Diplome,,"DESC Groupe 2 (diplôme)",
https://mos.esante.gouv.fr/NOS/TRE_R52-CapaciteDiplome/FHIR/TRE-R52-CapaciteDiplome,20231215120000,active,"1.2.250.1.213.1.6.1.50",TRE_R52_CapaciteDiplome,,"Capacité (diplôme)",
https://mos.esante.gouv.fr/NOS/TRE_R53-DiplomePaysEEE/FHIR/TRE-R53-DiplomePaysEEE,20231215120000,active,"1.2.250.1.213.1.6.1.51",TRE_R53_DiplomePaysEEE,,"Diplôme d'un pays de l'EEE",
https://mos.esante.gouv.fr/NOS/TRE_R54-DiplomeUniversiteInterUniversitaire/FHIR/TRE-R54-DiplomeUniversiteInterUniversitaire,20240726120000,active,"1.2.250.1.213.1.6.1.34",TRE_R54_DiplomeUniversiteInterUniversitaire,,"Diplôme d'Université ou Inter-Universitaire",
https://mos.esante.gouv.fr/NOS/TRE_R55-CertificatEtudeSpeciale/FHIR/TRE-R55-CertificatEtudeSpeciale,20231215120000,active,"1.2.250.1.213.1.6.1.52",TRE_R55_CertificatEtudeSpeciale,,"Certificat d'Etude Spéciale",
https://mos.esante.gouv.fr/NOS/TRE_R56-Attestation/FHIR/TRE-R56-Attestation,20240329120000,active,"1.2.250.1.213.1.6.1.27",TRE_R56_Attestation,,"Attestation",
https://mos.esante.gouv.fr/NOS/TRE_R57-DiplomeEuropeenEtudeSpecialisee/FHIR/TRE-R57-DiplomeEuropeenEtudeSpecialisee,20231215120000,active,"1.2.250.1.213.1.6.1.33",TRE_R57_DiplomeEuropeenEtudeSpecialisee,,"Diplôme Européen d'Etudes Spécialisées",
https://mos.esante.gouv.fr/NOS/TRE_R58-AutreTypeDiplome/FHIR/TRE-R58-AutreTypeDiplome,20260730120000,active,"1.2.250.1.213.1.6.1.53",TRE_R58_AutreTypeDiplome,,"Autre type de diplôme",
https://mos.esante.gouv.fr/NOS/TRE_R60-AutoriteEnregistrement/FHIR/TRE-R60-AutoriteEnregistrement,20260629120000,active,"1.2.250.1.213.1.6.1.57",TRE_R60_AutoriteEnregistrement,,"Autorité d'enregistrement",
https://mos.esante.gouv.fr/NOS/TRE_R62-Domaine/FHIR/TRE-R62-Domaine,20231215120000,active,"1.2.250.1.213.1.6.1.59",TRE_R62_Domaine,,"Domaine",
https://mos.esante.gouv.fr/NOS/TRE_R63-AgregatCategorieEtablissementNiv1/FHIR/TRE-R63-AgregatCategorieEtablissementNiv1,20231215120000,active,"1.2.250.1.213.1.6.1.5",TRE_R63_AgregatCategorieEtablissementNiv1,,"Agrégats de catégories d'établissements niveau 1",
https://mos.esante.gouv.fr/NOS/TRE_R64-AgregatCategorieEtablissementNiv2/FHIR/TRE-R64-AgregatCategorieEtablissementNiv2,20260601120000,active,"1.2.250.1.213.1.6.1.6",TRE_R64_AgregatCategorieEtablissementNiv2,,"Agrégats de catégories d'établissements niveau 2",
https://mos.esante.gouv.fr/NOS/TRE_R65-AgregatCategorieEtablissement/FHIR/TRE-R65-AgregatCategorieEtablissement,20250228120000,active,"1.2.250.1.213.1.6.1.7",TRE_R65_AgregatCategorieEtablissement,,"Agrégat de catégories d'établissements",
https://mos.esante.gouv.fr/NOS/TRE_R66-CategorieEtablissement/FHIR/TRE-R66-CategorieEtablissement,20260505120000,active,"1.2.250.1.213.1.6.1.8",TRE_R66_CategorieEtablissement,,"Catégorie d'établissements",
https://mos.esante.gouv.fr/NOS/TRE_R67-TypeStructure-EJ-EG/FHIR/TRE-R67-TypeStructure-EJ-EG,20231215120000,active,"1.2.250.1.213.1.6.1.62",TRE_R67_TypeStructure_EJ_EG,,"Type de structure",
https://mos.esante.gouv.fr/NOS/TRE_R68-FinessAgregatStatutJuridiqueNiv1/FHIR/TRE-R68-FinessAgregatStatutJuridiqueNiv1,20231215120000,active,"1.2.250.1.213.1.6.1.63",TRE_R68_FinessAgregatStatutJuridiqueNiv1,,"Agrégats de statuts juridiques FINESS niveau 1",
https://mos.esante.gouv.fr/NOS/TRE_R69-FinessAgregatStatutJuridiqueNiv2/FHIR/TRE-R69-FinessAgregatStatutJuridiqueNiv2,20231215120000,active,"1.2.250.1.213.1.6.1.64",TRE_R69_FinessAgregatStatutJuridiqueNiv2,,"Agrégats de statuts juridiques FINESS niveau 2",
https://mos.esante.gouv.fr/NOS/TRE_R70-FinessAgregatStatutJuridique/FHIR/TRE-R70-FinessAgregatStatutJuridique,20231215120000,active,"1.2.250.1.213.1.6.1.65",TRE_R70_FinessAgregatStatutJuridique,,"Agrégat de statuts juridiques FINESS",
https://mos.esante.gouv.fr/NOS/TRE_R72-FinessStatutJuridique/FHIR/TRE-R72-FinessStatutJuridique,20240329120000,active,"1.2.250.1.213.1.6.1.44",TRE_R72_FinessStatutJuridique,,"Statuts juridiques provenant de FINESS, excepté pour les codes 000 et 100 à 110 qui ont été ajoutés pour les besoins du RPPS en 2017.",
https://mos.esante.gouv.fr/NOS/TRE_R73-ESPIC/FHIR/TRE-R73-ESPIC,20231215120000,active,"1.2.250.1.213.1.6.1.45",TRE_R73_ESPIC,,"Etablissement de santé privé d'intérêt collectif",
https://mos.esante.gouv.fr/NOS/TRE_R74-ModeFixationTarifaire/FHIR/TRE-R74-ModeFixationTarifaire,20251222120000,active,"1.2.250.1.213.1.6.1.46",TRE_R74_ModeFixationTarifaire,,"Mode de fixation tarifaire",
https://mos.esante.gouv.fr/NOS/TRE_R75-InseeNAFrev2Niveau5/FHIR/TRE-R75-InseeNAFrev2Niveau5,20260223120000,retired,"1.2.250.1.213.1.6.1.47",TRE_R75_InseeNAFrev2Niveau5,,"Sous-classes de la Nomenclature d'Activités Française - INSEE",
https://mos.esante.gouv.fr/NOS/TRE_R78-ProfilAccesReferentiel/FHIR/TRE-R78-ProfilAccesReferentiel,20250523120000,active,"1.2.250.1.213.1.6.1.66",TRE_R78_ProfilAccesReferentiel,,"Profil d'accès aux référentiels",
https://mos.esante.gouv.fr/NOS/TRE_R81-Civilite/FHIR/TRE-R81-Civilite,20231215120000,active,"1.2.250.1.213.1.6.1.69",TRE_R81_Civilite,,"Civilité",
https://mos.esante.gouv.fr/NOS/TRE_R82-Ordre/FHIR/TRE-R82-Ordre,20231215120000,active,"1.2.250.1.213.1.6.1.70",TRE_R82_Ordre,,"Ordre",
https://mos.esante.gouv.fr/NOS/TRE_R84-ProfilAccesAnnuaire-MSSante/FHIR/TRE-R84-ProfilAccesAnnuaire-MSSante,20231215120000,active,"1.2.250.1.213.1.9.1.1",TRE_R84_ProfilAccesAnnuaire_MSSante,,"Profil d'accès à l'annuaire MSSante",
https://mos.esante.gouv.fr/NOS/TRE_R85-RolePriseCharge/FHIR/TRE-R85-RolePriseCharge,20260505120000,active,"1.2.250.1.213.1.6.1.107",TRE_R85_RolePriseCharge,,"Rôle dans la prise en charge des patients ou des usagers",
https://mos.esante.gouv.fr/NOS/TRE_R86-ProfilVIHF/FHIR/TRE-R86-ProfilVIHF,20231215120000,active,"1.2.250.1.213.1.1.4.312",TRE_R86_ProfilVIHF,,"Profil VIHF d'accès",
https://mos.esante.gouv.fr/NOS/TRE_R87-TypeCarte/FHIR/TRE-R87-TypeCarte,20231215120000,active,"1.2.250.1.213.1.6.1.106",TRE_R87_TypeCarte,,"Type de carte",
https://mos.esante.gouv.fr/NOS/TRE_R88-TerritoireSante/FHIR/TRE-R88-TerritoireSante,20231215120000,active,"1.2.250.1.213.1.6.1.104",TRE_R88_TerritoireSante,,"Territoire de Santé (au sens ARS) en France",
https://mos.esante.gouv.fr/NOS/TRE_R89-RegroupementPays/FHIR/TRE-R89-RegroupementPays,20231215120000,active,"1.2.250.1.213.2.48",TRE_R89_RegroupementPays,,"Regroupement de pays",
https://mos.esante.gouv.fr/NOS/TRE_R90-TypeAE/FHIR/TRE-R90-TypeAE,20260629120000,active,"1.2.250.1.213.1.6.1.74",TRE_R90_TypeAE,,"Type Autorité d'enregistrement",
https://mos.esante.gouv.fr/NOS/TRE_R94-ProfessionSocial/FHIR/TRE-R94-ProfessionSocial,20241213120000,active,"1.2.250.1.213.1.6.1.4",TRE_R94_ProfessionSocial,,"Profession du social",
https://mos.esante.gouv.fr/NOS/TRE_R95-UsagerTitre/FHIR/TRE-R95-UsagerTitre,20241213120000,active,"1.2.250.1.213.1.6.1.109",TRE_R95_UsagerTitre,,"Usager de titre professionnel",
https://mos.esante.gouv.fr/NOS/TRE_R96-AutreFonctionSanitaire/FHIR/TRE-R96-AutreFonctionSanitaire,20231215120000,active,"1.2.250.1.213.1.6.1.110",TRE_R96_AutreFonctionSanitaire,,"Autres fonctions du domaine sanitaire",
https://mos.esante.gouv.fr/NOS/TRE_R97-DroitExerciceCompl/FHIR/TRE-R97-DroitExerciceCompl,20231215120000,active,"1.2.250.1.213.1.6.1.111",TRE_R97_DroitExerciceCompl,,"Droit d'exercice complémentaire",
https://smt.esante.gouv.fr/fhir/CodeSystem/ObservationValue-supplement-fr,1.0,draft,,ObservationValueSupplementFr,ObservationValueSupplementFr,"Traduction Française",
https://smt.esante.gouv.fr/fhir/CodeSystem/actCode-supplement-fr,1.0,draft,,ActCodeSupplementFr,ActCodeSupplementFr,"Traduction Française",
https://smt.esante.gouv.fr/fhir/CodeSystem/actMood-supplement-fr,1.0,draft,,ActMoodSupplementFr,ActMoodSupplementFr,"Traduction Française",
https://smt.esante.gouv.fr/fhir/CodeSystem/actPriority-supplement-fr,1.0,draft,,ActPrioritySupplementFr,ActPrioritySupplementFr,"Traduction Française",
https://smt.esante.gouv.fr/fhir/CodeSystem/actStatus-supplement-fr,1.0,draft,,ActStatusSupplementFr,ActStatusSupplementFr,"Traduction Française",
https://smt.esante.gouv.fr/fhir/CodeSystem/administrativeGender-supplement-fr,1.0,draft,,AdministrativeGenderSupplementFr,AdministrativeGenderSupplementFr,"Traduction Française",
https://smt.esante.gouv.fr/fhir/CodeSystem/allergy-intolerance-criticality-supplement-fr,1.0,draft,,AllergyIntoleranceCriticalitySupplementFr,AllergyIntoleranceCriticalitySupplementFr,"Traduction Française",
https://smt.esante.gouv.fr/fhir/CodeSystem/allergyintolerance-clinical-supplement-fr,1.0,draft,,AllergyIntoleranceClinicalSupplementFr,AllergyIntoleranceClinicalSupplementFr,"Traduction Française",
https://smt.esante.gouv.fr/fhir/CodeSystem/condition-clinical-supplement-fr,1.0,draft,,ConditionClinicalSupplementFr,ConditionClinicalSupplementFr,"Traduction Française",
https://smt.esante.gouv.fr/fhir/CodeSystem/condition-ver-status-supplement-fr,1.0,draft,,ConditionVerStatusSupplementFr,ConditionVerStatusSupplementFr,"Traduction Française",
https://smt.esante.gouv.fr/fhir/CodeSystem/confidentiality-supplement-fr,1.0,draft,,ConfidentialitySupplementFr,Confidentiality SupplementFr,"Traduction Française",
https://smt.esante.gouv.fr/fhir/CodeSystem/employmentStatus-supplement-fr,1.0,draft,,EmploymentStatusSupplementFr,EmploymentStatusSupplementFr,"Traduction Française",
https://smt.esante.gouv.fr/fhir/CodeSystem/mediaType-supplement-fr,1.0,draft,,MediaTypeSupplementFr,MediaTypeSupplementFr,"Traduction Française",
https://smt.esante.gouv.fr/fhir/CodeSystem/observationInterpretation-supplement-fr,1.0,draft,,ObservationInterpretationSupplementFr,ObservationInterpretationSupplementFr,"Traduction Française",
https://smt.esante.gouv.fr/fhir/CodeSystem/observationMethod-supplement-fr,1.0,draft,,ObservationMethodSupplementFr,ObservationMethodSupplementFr,"Traduction Française",
https://smt.esante.gouv.fr/fhir/CodeSystem/orderableDrugForm-supplement-fr,1.0,draft,,OrderableDrugFormSupplementFr,OrderableDrugFormSupplementFr,"Traduction Française",
https://smt.esante.gouv.fr/fhir/CodeSystem/participationFunction-supplement-fr,1.0,draft,,ParticipationFunctionSupplementFr,ParticipationFunctionSupplementFr,"Traduction Française",
https://smt.esante.gouv.fr/fhir/CodeSystem/participationType-supplement-fr,1.0,draft,,ParticipationTypeSupplementFr,ParticipationTypeSupplementFr,"Traduction Française",
https://smt.esante.gouv.fr/fhir/CodeSystem/roleClass-supplement-fr,1.0,draft,,RoleClassSupplementFr,RoleClassSupplementFr,"Traduction Française",
https://smt.esante.gouv.fr/fhir/CodeSystem/roleCode-supplement-fr,1.0,draft,,RoleCodeSupplementFr,RoleCodeSupplementFr,"Traduction Française",
https://smt.esante.gouv.fr/fhir/CodeSystem/substanceAdminSubstitution-supplement-fr,1.0,draft,,SubstanceAdminSubstitutionSupplementFr,SubstanceAdminSubstitutionSupplementFr,"Traduction Française",
https://smt.esante.gouv.fr/fhir/CodeSystem/terminologie-cisis,202606190000,active,"1.2.250.1.213.1.1.4.322",TerminologieCISIS,TerminologieCISIS - Terminologie des concepts non trouvés dans les autres terminologies,"Terminologie multi-domaines créée et maintenue par l'ANS contenant les termes non trouvés dans les autres terminologies internationales ou nationales.",
https://smt.esante.gouv.fr/fhir/CodeSystem/timingEvent-supplement-fr,1.0,draft,,TimingEventSupplementFr,TimingEventSupplementFr,"Traduction Française",
https://smt.esante.gouv.fr/fhir/CodeSystem/tre-r347-activite-sanitaire-diverse-regulee,20260629120000,active,"1.2.250.1.213.1.6.1.248",TreR347ActiviteSanitaireDiverseRegulee,Tre R347 Activite Sanitaire Diverse Regulee,"Nomenclature des activités sanitaires utilisée pour décrire les Activités Sanitaires Diverses Régulées (ASDR)",
https://smt.esante.gouv.fr/fhir/CodeSystem/tre-r360-type-role-entite-groupe,20260330120000,active,"1.2.250.1.213.1.6.1.254",TreR360TypeRoleEntiteGroupe,Tre R360 Type Role Entite Groupe,"Nomenclature des types de rôles que peuvent exercer des entités participants à des groupements",
https://smt.esante.gouv.fr/fhir/CodeSystem/tre-r361-fonction-publique,20260330120000,active,"1.2.250.1.213.1.6.1.255",TreR361FonctionPublique,Tre R361 Fonction Publique,"Nomenclature des versants de la fonction publique",
https://smt.esante.gouv.fr/fhir/CodeSystem/tre-r362-type-budget,20260330120000,active,"1.2.250.1.213.1.6.1.256",TreR362TypeBudget,Tre R362 Type Budget,"Nomenclature des types de budget associés aux Entités Géographiques d'Exercice (EGE) dans FINESS+",
https://smt.esante.gouv.fr/fhir/CodeSystem/tre-r364-type-document-administratif,20260629120000,active,"1.2.250.1.213.1.6.1.258",TreR364TypeDocumentAdministratif,Tre R364 Type Document Administratif,"Nomenclature des types de documents administratif ( exemple : agrément, convention...) Remarque : Cette nomenclature est initialisée avec les types de documents informatifs et justificatifs pouvant être associés à une entité FINESS",
https://smt.esante.gouv.fr/fhir/CodeSystem/tre-r365-etat-objet,20260629120000,active,"1.2.250.1.213.1.6.1.259",TreR365EtatObjet,Tre R365 Etat Objet,"Nomenclature des états élémentaires d'un objet du MOS organisés en etat actifs et en etats inactifs. Remarque : Cette nomenclature est initialisée avec les états que peuvent porter les entités et activités FINESS+",
https://smt.esante.gouv.fr/fhir/CodeSystem/tre-r366-type-objet,20260629120000,active,"1.2.250.1.213.1.6.1.260",TreR366TypeObjet,Tre R366 Type Objet,"Nomenclature des types d’objets du MOS.  Remarque : Cette nomenclature est juste initialisée avec les types d’objet FINESS+",
https://smt.esante.gouv.fr/fhir/CodeSystem/tre-r370-role-relation-ege,20260505120000,active,"1.2.250.1.213.1.6.1.286",TreR370RoleRelationEge,Tre R370 Role Relation Ege,"Nomenclature des types de rôle existant entre les Entités Géographiques d'Exercice (EGE) au sein d'une PM-SMSSE",
https://smt.esante.gouv.fr/fhir/CodeSystem/tre-r371-type-groupe-gcc,20260330120000,active,"1.2.250.1.213.1.6.1.287",TreR371TypeGroupeGcc,Tre R371 Type Groupe Gcc,"Nomenclature des types de groupement Concernant les groupement de structure on a 2 catégories de regroupement : les Groupement de Coopération Conventionnelle, les Groupement de Coopération Organique",
https://smt.esante.gouv.fr/fhir/CodeSystem/tre-r372-type-groupe-gco,20260330120000,active,"1.2.250.1.213.1.6.1.288",TreR372TypeGroupeGco,Tre R372 Type Groupe Gco,"Nomenclature des types de Groupement de Coopération Organique (GCO)",
https://smt.esante.gouv.fr/fhir/CodeSystem/tre-r373-type-personne-morale,20260505120000,active,"1.2.250.1.213.1.6.1.253",TreR373TypePersonneMorale,Tre R373 Type Personne Morale,"Nomenclature des types de PM-SMSSE (Personne Morale du champ Sanitaire, Médico-social, Social et Enseignement sur les professions de ces champs). Remarque : Cette TRE est juste initialisée à minima et a vocation à porter d'autres valurs.",
https://smt.esante.gouv.fr/fhir/CodeSystem/tre-r374-nature-activite-smsse-regulee,20260505120000,active,"1.2.250.1.213.1.6.1.289",TreR374NatureActiviteSmsseRegulee,Tre R374 Nature Activite Smsse Regulee,"Nomenclature des grandes natures d'activité SMSSE exercées par les entités FINESS+",
https://smt.esante.gouv.fr/fhir/CodeSystem/tre-r375-mode-financement,20260330120000,active,"1.2.250.1.213.1.6.1.290",TreR375ModeFinancement,Tre R375 Mode Financement,"Nomenclature des modes de financement associés aux capacités de certaines activitées SMSSE",
https://smt.esante.gouv.fr/fhir/CodeSystem/tre-r376-type-evenement-administratif,20260629120000,active,"1.2.250.1.213.1.6.1.291",TreR376TypeEvenementAdministratif,Tre R376 Type Evenement Administratif,"Nomenclature des événements administratifs pertinents pour un cycle de vie d'un Objet de Santé (du MOS) Remarque : Cette nomenclature est initialisée avec les évenements affectant le cycle de vie des entités et activités enregistrées dans FINESS+",
https://smt.esante.gouv.fr/fhir/CodeSystem/tre-r377-usage-adresse,20260629120000,active,"1.2.250.1.213.1.6.1.292",TreR377UsageAdresse,Tre R377 Usage Adresse,"Nomenclature des types des adresses Remarque : Cette TRE est juste intialisée avec les codes FINESS.",
https://smt.esante.gouv.fr/fhir/CodeSystem/tre-r378-motif-arrete,20260629120000,active,"1.2.250.1.213.1.6.1.293",TreR378MotifArrete,Tre R378 Motif Arrete,"Nomenclature des motifs des arrêtés Remarque : Cette TRE est juste initialisée avec les codes FINESS+",
https://smt.esante.gouv.fr/fhir/CodeSystem/tre-r379-systeme-information,20260629120000,active,"1.2.250.1.213.1.6.1.294",TreR379SystemeInformation,Tre R379 Systeme Information,"Nomenclature des systemes d’information généralement déclarés pour définir les caractéristiques des identifiants ou des événements Remarque : Cette TRE est initialisée avec les codes FINESS",
https://smt.esante.gouv.fr/fhir/CodeSystem/tre-r381-activite-amm,20260330120000,active,"1.2.250.1.213.1.6.1.296",TreR381ActiviteAmm,Tre R381 Activite Amm,"Nomenclature des activités de soin AMM",
https://smt.esante.gouv.fr/fhir/CodeSystem/tre-r382-modalite-act-de-soin-amm,20260330120000,active,"1.2.250.1.213.1.6.1.297",TreR382ModaliteActDeSoinAmm,Tre R382 Modalite Act De Soin Amm,"Nomenclature des modalités pour les activités de soin AMM",
https://smt.esante.gouv.fr/fhir/CodeSystem/tre-r383-mention-act-de-soin-amm,20260330120000,active,"1.2.250.1.213.1.6.1.298",TreR383MentionActDeSoinAmm,Tre R383 Mention Act De Soin Amm,"Nomenclature des mentions pour les activités de soin AMM",
https://smt.esante.gouv.fr/fhir/CodeSystem/tre-r384-pratique-therapeutique-specifique-act-de-soin-amm,20260330120000,active,"1.2.250.1.213.1.6.1.299",TreR384PratiqueTherapeutiqueSpecifiqueActDeSoinAmm,Tre R384 Pratique Therapeutique Specifique Act De Soin Amm,"Nomenclature des pratiques thérapeutiques spécifiques pour les activités de soin AMM",
https://smt.esante.gouv.fr/fhir/CodeSystem/tre-r385-declaration-act-de-soin-amm,20260330120000,active,"1.2.250.1.213.1.6.1.300",TreR385DeclarationActDeSoinAmm,Tre R385 Declaration Act De Soin Amm,"Nomenclature des déclarations pour les activités de soin AMM",
https://smt.esante.gouv.fr/fhir/CodeSystem/tre-r386-macro-etat-objet-administratif,20260629120000,active,"1.2.250.1.213.1.6.1.301",TreR386MacroEtatObjetAdministratif,Tre R386 Macro Etat Objet Administratif,"Nomenclature des macro-etat des structures FINESS qui dérivent de l'état de l'objet. Permet de distinguer les structures actives de celles inactives.",
https://smt.esante.gouv.fr/fhir/CodeSystem/tre-r387-type-groupement,20260330120000,active,"1.2.250.1.213.1.6.1.302",TreR387TypeGroupement,Tre R387 Type Groupement,"Nomenclature des types de groupement utilisables dans FINESS. Groupement de coopération conventionnelle ou Groupement de coopération organique",
https://smt.esante.gouv.fr/fhir/CodeSystem/tre-r388-type-logement,20260330120000,active,"1.2.250.1.213.1.6.1.303",TreR388TypeLogement,Tre R388 Type Logement,"Nomenclature des types de logement associées aux capacités Remarque : cette nomenclature est initialisée avec les besoins FINESS+",
https://smt.esante.gouv.fr/fhir/CodeSystem/tre-r389-statut-bilan-projet-personnalise,20250418120000,active,"1.2.250.1.213.3.3.257",TreR389StatutBilanProjetPersonnalise,Tre R389 Statut Bilan Projet Personnalise,"Statut du bilan du projet personnalisé.",
https://smt.esante.gouv.fr/fhir/CodeSystem/tre-r390-type-projet-personnalise,20250422120000,active,"1.2.250.1.213.3.3.258",TreR390TypeProjetPersonnalise,Tre R390 Type Projet Personnalise,"Cette nomenclature donne le type de projet personnalisé qui est un document co-construit par l'usager, son entourage familial et professionnel du médico-social.",
https://smt.esante.gouv.fr/fhir/CodeSystem/tre-r392-type-act-smsse-regulee,20260730120000,active,"1.2.250.1.213.1.6.1.374",TreR392TypeActSmsseRegulee,Tre R392 Type Act Smsse Regulee,"Type activité SMSSE régulée",
https://smt.esante.gouv.fr/fhir/CodeSystem/tre-r393-type-contrat-sejour,20250521120000,active,"1.2.250.1.213.3.3.260",TreR393TypeContratSejour,Tre R393 Type Contrat Sejour,"Type de contrat conclu entre l’établissement/service et la personne/son représentant légal lors de son entrée en établissement",
https://smt.esante.gouv.fr/fhir/CodeSystem/tre-r394-competence-metier,20250625120000,active,"1.2.250.1.213.1.6.1.375",TreR394CompetenceMetier,Tre R394 Competence Metier,"Type de savoir-faire opérationnel, transversal ou spécifique, acquis et exercé à titre non exclusif dans le cadre d’une activité professionnelle reconnue.",
https://smt.esante.gouv.fr/fhir/CodeSystem/tre-r395-engagement,20260629120000,active,"1.2.250.1.213.1.6.1.376",TreR395Engagement,Tre R395 Engagement,"Nomenclature hiérarchique des engagements associés dans FINESS+ aux Personnes morales, aux entités géographique, aux groupements ou à leurs activités. Cette TRE remplace la TRE-R278-Convention",
https://smt.esante.gouv.fr/fhir/CodeSystem/tre-r396-autorite,20260629120000,active,"1.2.250.1.213.1.6.1.377",TreR396Autorite,Tre R396 Autorite,"liste des autorités structurée en plusieurs types d'autorités : Ordres, ARS, ...",
https://smt.esante.gouv.fr/fhir/CodeSystem/tre-r397-categorie-entite-geographique-exercice,20260601120000,active,"1.2.250.1.213.1.6.1.378",TreR397CategorieEntiteGeographiqueExercice,Tre R397 Categorie Entite Geographique Exercice,"Cette TRE hierarchique remplace les TRE actuelles TRE_R66_CategorieEtablissement, TRE-R63-AgregatCategorieEtablissementNiv1, TRE-R64-AgregatCategorieEtablissementNiv2, TRE-R65-AgregatCategorieEtablissement et ASS-X10-AgregatCategorieEtablissement. Cette TRE possède des propriétésspécifiques : le niveau d'agrégat des EGE de 1 à 4 (du plus large au plus fin), le parent d'un agrégat d'EGE ou d'un EGE, la relation entre un code et le domaine ( TRE R62), un indicateur pour les EGE spécifiques au ROR ( non finess) et les relations nécessaires à la construction des JDV dynamiques associés",
https://smt.esante.gouv.fr/fhir/CodeSystem/tre-r400-finess-statut-juridique,20260629120000,active,"1.2.250.1.213.1.6.1.379",TreR400FinessStatutJuridique,Tre R400 Finess Statut Juridique,"Cette TRE hiérarchique remplace les TRE_R68-FinessAgregatStatutJuridiqueNiv1, TRE_R69-FinessAgregatStatutJuridiqueNiv2, TRE_R70-FinessAgregatStatutJuridique, TRE_R72-FinessStatutJuridique, et l'association ASS_X11_FinessAgregatStatutJuridique. Cette TRE possède des propriétés spécifiques : le niveau d'agrégat des statuts juridiques  de 1 à 4 ( du plus large au plus fin), le parent d'un agrégat de statuts juridiques ou d'un statut juridique, un indicateur pour les statuts juridiques  spécifiques à RPPS ( non finess) et les relations nécessaires à la construction des JDV dynamiques associés",
https://smt.esante.gouv.fr/fhir/CodeSystem/tre-r401-activite-sociale-regulee,20260601120000,active,"1.2.250.1.213.1.6.1.380",TreR401ActiviteSocialeRegulee,Tre R401 Activite Sociale Regulee,"Cette TRE hiérarchique remplace les éléments suivants : TRE_R280-DisciplineEquipementSocial, TRE_R298-AgregatDisciplineEquipSocNiv1, TRE_R299-AgregatDisciplineEquipSocNiv2, TRE_R300-AgregatDisciplineEquipSocNiv3 et ASS_X14_AgregatDisciplineEquipementSocial.  Cette TRE possède des propriétés spécifiques :  1. Le niveau d'agrégat des ASOCR de 1 à 4 (du plus large au plus fin) 2. Le parent d'un agrégat d'ASOCR ou d'une ASOCR 3. Les relations nécessaires à la construction des JDV dynamiques associés",
https://smt.esante.gouv.fr/fhir/CodeSystem/tre-r402-activite-enseignement-regulee,20260223120000,active,"1.2.250.1.213.1.6.1.381",TreR402ActiviteEnseignementRegulee,Tre R402 Activite Enseignement Regulee,"Liste des activités d'enseignement régulées organisée en 3 niveaux d'agrégation. Annule et remplace les anciennes TRE xxxEnseignement",
https://smt.esante.gouv.fr/fhir/CodeSystem/tre-r403-public-activite-smsse-regulee,20260629120000,active,"1.2.250.1.213.1.6.1.382",TreR403PublicActiviteSmsseRegulee,Tre R403 Public Activite Smsse Regulee,"Cette TRE hiérarchique remplace les TRE actuelles TRE_R279-Clientele, TRE_R293-AgregatClienteleNiv2, TRE_R294-AgregatClienteleNiv3 et l'association ASS_X13-AgregatClientele. Cette TRE possède de nouvelles propriétés : le niveau d'agrégat des publics de 1 à 3 (du plus large au plus fin), le parent d'un agrégat de publics ou d'un public ainsi que les relations nécessaires à la construction des JDV dynamiques associés",
https://smt.esante.gouv.fr/fhir/CodeSystem/tre-r404-mode-fonctionnement-activite-smsse-regulee,20260629120000,active,"1.2.250.1.213.1.6.1.383",TreR404ModeFonctionnementActiviteSmsseRegulee,Tre R404 Mode Fonctionnement Activite Smsse Regulee,"Mode de fonctinonemment des activités ssmsse régulées. Cette TRE remplace la TRE_R209-TypeActivite",
https://smt.esante.gouv.fr/fhir/CodeSystem/tre-r405-modalite-activite-smsse-regulee,20260223120000,active,"1.2.250.1.213.1.6.1.384",TreR405ModaliteActiviteSmsseRegulee,Tre R405 Modalite Activite Smsse Regulee,"Modalités des activités SSMSE régulées, remplace la TRE_R275-ModaliteActivite",
https://smt.esante.gouv.fr/fhir/CodeSystem/tre-r406-forme-activite-smsse-regulee,20260223120000,active,"1.2.250.1.213.1.6.1.385",TreR406FormeActiviteSmsseRegulee,Tre R406 Forme Activite Smsse Regulee,"Formes des activites smsse régulées, remplace la TRE_R276-FormeActivite",
https://smt.esante.gouv.fr/fhir/CodeSystem/tre-r407-composition-foyer,20260202120000,active,"1.2.250.1.213.3.3.261",TreR407CompositionFoyer,Tre R407 Composition Foyer,"Désigne avec qui vit l’usager dans son logement.",
https://smt.esante.gouv.fr/fhir/CodeSystem/tre-r408-type-enseignement-specialise,20260202120000,active,"1.2.250.1.213.3.3.262",TreR408TypeEnseignementSpecialise,Tre R408 Type Enseignement Specialise,"Type d'enseignement spécialisé.",
https://smt.esante.gouv.fr/fhir/CodeSystem/tre-r409-type-duree-interruption-exercice,20260629120000,active,"1.2.250.1.213.1.6.1.396",TreR409TypeDureeInterruptionExercice,Tre R409 Type Duree Interruption Exercice," Le type de durée d’une interruption d’exercice décrit le caractère temporel de la mesure appliquée au professionnel. Il permet de distinguer si l’interruption s’inscrit dans une durée limitée ou si elle s’applique sans limite de durée. Cette information précise le cadre temporel de la mesure et facilite son interprétation. Elle constitue un élément structurant pour l’analyse de la capacité d’exercice du professionnel et pour la gestion de ses effets dans les systèmes d’information, notamment en matière de publication des données et de gestion des accès.",
https://smt.esante.gouv.fr/fhir/CodeSystem/tre-r410-perimetre-interruption-exercice,20260629120000,active,"1.2.250.1.213.1.6.1.397",TreR410PerimetreInterruptionExercice,Tre R410 Perimetre Interruption Exercice," Le périmètre d’une interruption d’exercice décrit l’étendue de la restriction appliquée à l’activité du professionnel. Cette information permet d’apprécier concrètement les possibilités d’exercice du professionnel et contribue à la gestion des droits associés, notamment en matière d’accès aux services numériques en santé.",
https://smt.esante.gouv.fr/fhir/CodeSystem/tre-r411-sexe-insee,20260629120000,active,"1.2.250.1.213.2.82",TreR411SexeInsee,Tre R411 Sexe Insee,"Liste de valeurs du code Sexe pour l'INSEE - En attente de faire directement référence aux Terminologies INSEE",
https://smt.esante.gouv.fr/fhir/CodeSystem/tre-r412-niveau-diplome,20260601120000,draft,"1.2.250.1.213.3.3.263",TreR412NiveauDiplome,Tre R412 Niveau Diplome,"Niveau de diplôme permettant d'indiquer le type de formation nécessaire pour occuper un poste dans le monde professionnel.",
https://smt.esante.gouv.fr/fhir/CodeSystem/tre-r413-categorie-permis-conduire,20260601120000,draft,"1.2.250.1.213.3.3.264",TreR413CategoriePermisConduire,Tre R413 Categorie Permis Conduire,"Catégorie de permis de conduire.",
https://smt.esante.gouv.fr/fhir/CodeSystem/tre-r414-niveau-scolaire,20260601120000,draft,"1.2.250.1.213.3.3.265",TreR414NiveauScolaire,Tre R414 Niveau Scolaire,"Niveau scolaire de l'usager en France.",
https://smt.esante.gouv.fr/fhir/CodeSystem/tre-r415-utilisation-canal-communication,20260505120000,draft,"1.2.250.1.213.3.3.266",TreR415UtilisationCanalCommunication,Tre R415 Utilisation Canal Communication,"Précise l'utilisation du canal de communication.",
https://smt.esante.gouv.fr/fhir/CodeSystem/tre-r416-type-courrier,20260505120000,draft,"1.2.250.1.213.3.3.267",TreR416TypeCourrier,Tre R416 Type Courrier,"Type de courrier en France.",
https://smt.esante.gouv.fr/fhir/CodeSystem/tre-r417-type-demande-compensation,20260505120000,draft,"1.2.250.1.213.3.3.268",TreR417TypeDemandeCompensation,Tre R417 Type Demande Compensation,"Type de la demande de compensation adressée à la CDAPH.",
https://smt.esante.gouv.fr/fhir/CodeSystem/tre-r418-nature-demande-compensation,20260505120000,draft,"1.2.250.1.213.3.3.269",TreR418NatureDemandeCompensation,Tre R418 Nature Demande Compensation,"Nature de la demande de compensation adressée à la CDAPH.",
https://smt.esante.gouv.fr/fhir/CodeSystem/tre-r419-motivation,20260601120000,draft,"1.2.250.1.213.3.3.270",TreR419Motivation,Tre R419 Motivation,"Considération(s) de droit ou de fait qui constituent le fondement de la proposition et de la décision de la CDAPH.",
https://smt.esante.gouv.fr/fhir/CodeSystem/tre-r420-droit-prestation,20260505120000,draft,"1.2.250.1.213.3.3.271",TreR420DroitPrestation,Tre R420 Droit Prestation," Catégorie et type de droit et prestation caractérisant la décision d'orientation.",
https://smt.esante.gouv.fr/fhir/CodeSystem/tre-r421-motif-fin-pag,20260505120000,draft,"1.2.250.1.213.3.3.272",TreR421MotifFinPag,Tre R421 Motif Fin Pag,"Lorsque le plan d'accompagnement global (PAG) arrive à échéance ou si le coordonnateur de parcours l'estime nécessaire, un bilan est élaboré et la phase d'actualisation est lancée afin de déterminer s'il faut prolonger ce PAG, le modifier ou y mettre fin. La MDPH, les partenaires et l'usager peuvent définir ensemble que le PAG n'est plus nécessaire et donc y mettre fin. Le consentement de la personne ou de son représentant légal est recueilli et l'information sur la fin du PAG transmise à l'ensemble des parties-prenantes.",
https://smt.esante.gouv.fr/fhir/CodeSystem/tre-r422-qualification-orientation,20260505120000,draft,"1.2.250.1.213.3.3.273",TreR422QualificationOrientation,Tre R422 Qualification Orientation,"La qualification de l'orientation peut être cible ou alternative.",
https://smt.esante.gouv.fr/fhir/CodeSystem/tre-r423-type-presence-absence,20260505120000,draft,"1.2.250.1.213.3.3.274",TreR423TypePresenceAbsence,Tre R423 Type Presence Absence,"Déclaration du type de présence absence de l'usager lors d'un événement organisé par sa structure de rattachement.",
https://smt.esante.gouv.fr/fhir/CodeSystem/tre-r424-motif-absence,20260505120000,draft,"1.2.250.1.213.3.3.275",TreR424MotifAbsence,Tre R424 Motif Absence,"Motif pour lequel l'usager n'est pas présent lors d'un événement organisé par sa structure de rattachement.",
https://smt.esante.gouv.fr/fhir/CodeSystem/tre-r425-type-repas,20260505120000,draft,"1.2.250.1.213.3.3.276",TreR425TypeRepas,Tre R425 Type Repas,"Type de repas.",
https://smt.esante.gouv.fr/fhir/CodeSystem/tre-r426-orientation,20260505120000,draft,"1.2.250.1.213.3.3.277",TreR426Orientation,Tre R426 Orientation,"Orientation vers un Service d'éducation spéciale et de soins à domicile (SESSAD) ou vers un Service d'accompagnement familial et d'éducation précoce (SAFEP)",
https://smt.esante.gouv.fr/fhir/CodeSystem/tre-r427-type-adresse,20260505120000,draft,"1.2.250.1.213.3.3.278",TreR427TypeAdresse,Tre R427 Type Adresse,"Type d'adresse postale tel que ""Adresse du domicile"", ""Adresse de livraison"" pour une personne physique.",
https://smt.esante.gouv.fr/fhir/CodeSystem/tre-r436-origine-interruption-exercice,20260629120000,active,"1.2.250.1.213.1.6.1.402",TreR436OrigineInterruptionExercice,Tre R436 Origine Interruption Exercice,"L’origine d’une interruption d’exercice correspond à l’autorité juridique ou administrative ayant prononcé la mesure. Cette information permet d’identifier le cadre dans lequel la décision a été prise et d’en comprendre le contexte. Elle facilite son interprétation, notamment pour apprécier les modalités d’application de la mesure (portée, exécution, éventuels recours).",
https://smt.esante.gouv.fr/fhir/CodeSystem/v2-0487-supplement-fr,1.0,draft,,SpecimenTypeSupplementFr,SpecimenTypeSupplementFr,"Traduction Française",
https://smt.esante.gouv.fr/fhir/CodeSystem/v3-SpecimenType-supplement-fr,1.0,draft,,V3SpecimenTypeSupplementFr,V3SpecimenTypeSupplementFr,"Traduction Française",
https://smt.esante.gouv.fr/fhir/concept-properties,20260629120000,active,,ConceptProperties,Concept Properties,"CodeSystem permettant définir les propriétés NOS utilisées dans les CodeSystem NOS",
https://smt.esante.gouv.fr/terminologie-SERAFINPH,2023.1.0,active,,SERAFIN_PH,Nomenclature des besoins et des prestations,"Les nomenclatures des besoins et des prestations ont été élaborées par un groupe de travail issu du projet SERAFIN-PH porté par la Caisse nationale de Solidarité pour l’Autonomie (CNSA) et la Direction Générale de la Cohésion Sociale (DGCS). Elles permettent de décrire, sur la base d’un langage commun, les besoins identifiés des personnes, et les prestations réalisées en réponse à ces besoins. Les usages locaux de ces nomenclatures montrent leur pertinence pour nouer autour des projets personnalisés d’accompagnement et de leurs déclinaisons opérationnelles un dialogue soutenu et permanent entre tous les acteurs concernés, de la personne accompagnée aux structures médico-sociales, acteurs de droit commun et jusqu’aux institutions de régulation (ARS, services déconcentrés et collectivités locales).",
https://smt.esante.gouv.fr/terminologie-atc,2026-02,active,"2.16.840.1.113883.6.73",ATC,Classification anatomique, thérapeutique et chimique,"La classification ATC (anatomique, thérapeutique et chimique) classe les substances actives dans différents groupes selon l’organe ou le système sur lequel ils agissent et selon leurs propriétés thérapeutiques, pharmacologiques et chimiques.",
https://smt.esante.gouv.fr/terminologie-bdpm,2026-07-01,active,,BDPM,Base de données publique du médicament,"LA BDPM est un des référentiels du médicament gérée et distribuée par l’ANSM. Elle recense l’ensemble des spécialités et des présentations effectivement commercialisées durant les 5 dernières années. De ce fait, elle ne propose pas un historique exhaustif des codes de présentation et spécialités, celui-ci peut être obtenu grâce à la base RCP disponible sur le site de l’ANSM",
https://smt.esante.gouv.fr/terminologie-catalogue-vaccins,2026-04,active,,Catalogue_Vaccins,Jeux de valeurs pour la Note de Vaccination,"Le Catalogue Vaccins permet de codifier les vaccins administrés à un patient pour produire une note de vaccination à des fins de partage dans le DMP/MES. Il permet de faire le lien entre une spécialité pharmaceutique vaccinale et une maladie. Il est construit à partir des standards sémantiques nationaux et internationaux interopérables dont les sources sont issues du RUIM-Référentiel Unique d'Interopérabilité du Médicament(ANSM), de l'ATC-Anatomique Thérapeutique Chimique(OMS (WHOCC)) et de NUVA-Nomenclature Unifiée des Vaccins(SYADEM). Il est destiné en particulier aux utilisateurs du secteur médico-social ou paramédical lorsqu’ils ne disposent pas d’un accès à une base de médicaments et d’un lecteur de datamatrix",
https://smt.esante.gouv.fr/terminologie-ccam,v83.00,active,"1.2.250.1.215.300.1",CCAM,Classification Commune des Actes Médicaux,"La Classification Commune des Actes Médicaux est la terminologie de facturation créée et maintenue par la CNAM.",
https://smt.esante.gouv.fr/terminologie-cim-10,2025-01-01,active,"2.16.840.1.113883.6.3",CIM_10_FR_PMSI,Classification internationale des maladies et des problèmes de santé connexes - 10ème révision - Version française à usage PMSI (Programme Médicalisé des Systèmes d'Information),"La Classification Internationale des Maladies (CIM) permet d’établir les statistiques sanitaires (morbi-mortalité) partout dans le monde. Elle est gérée par l’Organisation Mondiale de la Santé qui publie une mise à jour annuelle. En France l’ATIH édite et publie une version complète du volume 1 de la CIM–10 à usage PMSI. La CIM–10 est aussi utilisée pour alimenter les dossier médicaux électronique des patients.Elle est destinée à être progressivement remplacée par la CIM 11",
https://smt.esante.gouv.fr/terminologie-cim11-mms,2026-02,active,"2.16.840.1.113883.6.347",CIM11_MMS,Classification internationale des maladies et des problèmes de santé connexes - 11ème révision,"La Classification Internationale des Maladies (CIM) dans sa 11ème révision permet d’établir, partout dans le monde, les statistiques sanitaires. Fournissant un langage commun pour alimenter les dossiers patients électroniques, la CIM11 permet d’échanger des données médicales de manière cohérente et normalisée pour de nombreux cas d’usage (production de soins, coordination professionnelle, pilotage, et exploitation de données)",
https://smt.esante.gouv.fr/terminologie-cisp,2019-05,active,"2.16.840.1.113883.6.139",CISP_2,Classification internationale des soins primaires - 2ème version,"La Classification internationale des soins primaires (CISP) est la version française de l’International Classification of Primary Care (ICPC). Elle permet de coder trois éléments de consultation de médecine générale : motifs de rencontre (du point de vue du patient), problèmes de santé diagnostiqués et procédures de soins.Elle trouve sa place au sein de la famille des classifications de l’OMS comme classification associée à la CIM (classification internationale des maladies), l’ICF (classification internationale du fonctionnement, du handicap et de la santé) et l'ICHI (classification internationale des interventions de santé).",
https://smt.esante.gouv.fr/terminologie-cladimed,v15,active,"1.2.250.1.213.2.65",ClaDiMed,Classification des dispositifs médicaux,"La classification CLADIMED décrit le domaine des produits de santé (dispositifs médicaux (DM) et autres produits de santé (hors médicaments)). C’est une classification mono axiale inspirée de la classification internationale ATC des médicaments (Anatomique, Thérapeutique, Chimique).",
https://smt.esante.gouv.fr/terminologie-emdn,v1.2,active,"1.2.250.1.213.2.68",EMDN,European Medical device nomenclature,"La nomenclature européenne des dispositifs médicaux (EMDN) est la nomenclature que doivent utiliser les fabricants pour enregistrer leurs dispositifs médicaux dans EUDAMED, base de données européenne sur les dispositifs médicaux. Il s'agit d'alimenter le système européen d’identification des dispositifs fondé sur un identifiant unique du dispositif (IUD) pour en faciliter la traçabilité.",
https://smt.esante.gouv.fr/terminologie-icf,2026-01,active,,Classification_internationale_du_fonctionnement_du_handicap_et_de_la_sante_ICF,Classification internationale du fonctionnement, du handicap et de la santé,"Classification internationale du fonctionnement, du handicap et de la santé.",
https://smt.esante.gouv.fr/terminologie-lahn,2026-04,active,"1.2.250.1.213.2.79",LAHN,Liste des Actes Inovants Hors Nomenclature,"La liste des actes innovants hors nomenclature (LAHN) a été mise en place par la direction générale de l’offre de soins (DGOS) en 2024, dans le cadre du développement de l’innovation en santé. Elle est la fusion du RIHN et de la Liste Complémentaire (LC). L’objectif est de soutenir l’innovation et de la dynamiser par une prise en charge et une évaluation rapide des actes innovants. La LAHN contient une liste d’actes innovants (biologie et anatomocytopathologie) pris en charge à titre transitoire moyennant un recueil de données pour leur évaluation.",
https://smt.esante.gouv.fr/terminologie-nabm,V105,active,"1.2.250.1.215.300.2",NABM,Nomenclature des actes de biologie médicale,"La NABM est la terminologie de facturation des actes de biologie médicale. Elle décrit la liste des actes de biologie dans une arborescence en chapitres et sous-chapitres ainsi que des règles de facturation.",
https://smt.esante.gouv.fr/terminologie-nuva,1.0.1110,active,"1.3.6.1.4.1.48601.1",NUVA,Nomenclature Unifiée des Vaccins,"La nomenclature unifiée des vaccins (NUVA) liste les spécialités vaccinales commercialisées ou ayant été commercialisées en France ou à l’étranger. Ces spécialités sont associées à une dénomination générique et à une description structurée notamment au niveau des valences et des pathologies cibles.Elle permet de constituer un historique vaccinal complet, aussi précis que le permettent les sources des données, interprétable par des systèmes d’information.",
https://smt.esante.gouv.fr/terminologie-ruim-eeprescription,2026-01,active,,RUIM eeprescription,RUIM - european eprescription,"Composite CodeSystem grouping Brand Name + Package Size (+ optional properties).NB: dans cette version bêta, le Brand Name est remplacé par le libellé de la spécialité.",
https://smt.esante.gouv.fr/terminologie-sms,2026-07,active,"2.16.840.1.113883.3.6905.2",Dictionnaire_SMS_Substance_Management_Services_,Dictionnaire européen multilingue des substances entrant dans la composition de médicaments,"Le dictionnaire des substances ou SMS a été conçu par l’European Medicines Agency (EMA) dans le cadre d’une démarche qualité. Ce dictionnaire contient les substances entrant dans la composition de médicaments destinés à un humain et/ou vétérinaire.",
https://smt.esante.gouv.fr/terminologie-standardterms,2026-01-30,active,"0.4.0.127.0.16.1.1.2.1",Standard_terms_EDQM,Standard Terms Data Base Dictionnaire européen multilingue de termes normalisés descripteurs de médicaments,"Les standard terms (ou listes de termes normalisés) ont été établis en réponse à une demande de la Commission européenne. Ils contiennent les formes pharmaceutiques, les voies et/ou les méthodes d’administration, les unités de présentation, ainsi que les conditionnements, les systèmes de fermeture et les dispositifs d’administration des médicaments à usage humain et/ou vétérinaire.",
