Source File	Size	loadResources	load-configure	scan	loadDepInfo	loadInfo	load	generateSnapshots	checkR4R4B	generateNarratives	validate	loadLists	checkConformanceResources	checkConformanceResources2	checkConformanceResources3	generateLogicalMaps	validateExpressions	scanForUsageStats	checkURLsUnique	processProvenanceDetails	generate1	generate2	generateLogicals	makeDependencies	generateExampleZip	generateValidationPack	scanProfilesForR5	scanExamplesForR5
/fsh-generated/resources/ImplementationGuide-ans.fr.terminologie.json	146130	-	1	0	0	0	0	0	14	109	0	0	0	0	0	0	0	4	0	0	638	567	0	0	0	18	0	3
DM/fsh-generated/resources/ConceptMap-ASS-A11-CorresModeleCDA-XdsFormatCode-CISIS.json	21281	9	0	0	0	1	0	0	2	44	0	0	0	0	0	0	0	0	0	0	218	567	0	0	0	2	0	1
DM/fsh-generated/resources/ConceptMap-ASS-A12-CorresMediaTypeCDANonStructure-XdsFormatCode-CISIS.json	2737	4	0	0	0	0	0	0	1	8	0	0	0	0	0	0	0	0	0	0	29	29	0	0	0	1	0	0
DM/fsh-generated/resources/ValueSet-JDV-J10-XdsFormatCode-CISIS.json	13499	6	0	0	0	0	0	0	0	247	0	0	0	0	0	0	0	1	0	0	109	3391	0	0	0	1	0	0
DM/fsh-generated/resources/ValueSet-JDV-J163-GlucoseUnits-ENS.json	1643	4	0	0	0	0	0	0	1	2539	0	0	0	0	0	0	0	0	0	0	18	232	0	0	0	0	0	0
DM/fsh-generated/resources/ValueSet-JDV-J37-UcumUniteTemps.json	2020	4	1	0	0	0	0	0	0	121	0	0	0	0	0	0	0	0	0	0	17	137	0	0	0	1	0	0
DM/fsh-generated/resources/ValueSet-JDV-J49-UcumUniteLongueur.json	1499	3	0	0	0	0	0	0	0	128	0	0	0	0	0	0	0	0	0	0	15	124	0	0	0	0	0	0
DM/fsh-generated/resources/ValueSet-JDV-ModeleDocumentCDA.json	1419	2	0	0	0	0	0	0	0	18	0	0	0	0	0	0	0	0	0	0	16	223	0	0	0	0	0	0
DM/fsh-generated/resources/ValueSet-JDV-TRE-R221-ModeleDocumentCDANonStructure-all.json	1363	2	0	0	0	0	0	0	0	17	0	0	0	0	0	0	0	0	0	0	16	35	0	0	0	0	0	0
DM/fsh-generated/resources/ValueSet-TRE-R222-MediaTypeCorpsCDANonStructure-all.json	1310	2	0	0	0	0	0	0	0	16	0	0	0	0	0	0	0	0	0	0	13	40	0	0	0	0	0	0
input/ontoserver/ASS/Alignement_Codes_Presenttaion_BDPM_CIPUCD.json	5875229	382	0	0	0	0	0	0	213	0	0	0	0	0	0	0	0	70	0	0	22649	5243	0	0	0	381	0	67
input/ontoserver/JDV/BDPM Value Set.json	676	3	0	0	0	0	0	0	0	0	0	0	0	0	0	0	0	0	0	0	8	26	0	0	0	0	0	0
input/ontoserver/JDV/DesignationUse.json	3285	2	0	0	0	0	0	0	0	0	0	0	0	0	0	0	0	0	0	0	15	206	0	0	0	0	0	0
input/ontoserver/JDV/JDV_J01_XdsAuthorSpecialty_CISIS.json	33545	6	0	0	0	0	0	0	1	48	0	0	0	0	0	0	0	1	0	0	274	589	0	0	0	6	0	0
input/ontoserver/JDV/JDV_J02_XdsHealthcareFacilityTypeCode_CISIS.json	6191	4	1	0	0	0	0	0	0	11	0	0	0	0	0	0	0	0	0	0	57	122	0	0	0	1	0	0
input/ontoserver/JDV/JDV_J03_XdsContentTypeCode_CISIS.json	8550	2	0	0	0	0	0	0	1	11	0	0	0	0	0	0	0	0	0	0	75	183	0	0	0	1	0	0
input/ontoserver/JDV/JDV_J04_XdsPracticeSettingCode_CISIS.json	1817	2	0	0	0	0	0	0	0	5	0	0	0	0	0	0	0	0	0	0	18	38	0	0	0	0	0	1
input/ontoserver/JDV/JDV_J05_SubjectRole_CISIS.json	32464	4	0	0	0	0	0	0	1	44	0	0	0	0	0	0	0	1	0	0	287	587	0	0	0	6	0	0
input/ontoserver/JDV/JDV_J06_XdsClassCode_CISIS.json	1819	2	0	0	0	0	0	0	0	5	0	0	0	0	0	0	0	0	0	0	18	35	0	0	0	1	0	0
input/ontoserver/JDV/JDV_J07_XdsTypeCode_CISIS.json	9512	2	0	0	0	0	0	0	0	1224	0	0	0	0	0	0	0	0	0	0	68	1129	0	0	0	1	0	0
input/ontoserver/JDV/JDV_J08_XdsConfidentialityCode_CISIS.json	1569	2	0	0	0	0	0	0	0	5	0	0	0	0	0	0	0	0	0	0	16	26	0	0	0	0	0	0
input/ontoserver/JDV/JDV_J100_FinessStatutJuridique_RASS.json	7114	2	0	0	0	0	0	0	0	635	0	0	0	0	0	0	0	0	0	0	39	612	0	0	0	1	0	0
input/ontoserver/JDV/JDV_J101_SecteurActivite_RASS.json	5822	2	0	0	0	0	0	0	1	5	0	0	0	0	0	0	0	0	0	0	53	103	0	0	0	1	0	0
input/ontoserver/JDV/JDV_J103_TypeVoie_RASS.json	8492	3	0	0	0	0	0	0	0	8	0	0	0	0	0	0	0	1	0	0	84	232	0	0	0	1	0	0
input/ontoserver/JDV/JDV_J104_TypeIdentifiantStructure_RASS.json	1279	1	0	0	0	0	0	0	0	3	0	0	0	0	0	0	0	0	0	0	14	24	0	0	0	0	0	0
input/ontoserver/JDV/JDV_J105_EnsembleDiplome_RASS.json	65271	6	1	0	0	0	0	0	2	62	0	0	0	0	0	0	0	1	0	0	561	1047	0	0	0	13	0	0
input/ontoserver/JDV/JDV_J106_EnsembleProfession_RASS.json	3960	2	0	0	0	0	0	0	0	6	0	0	0	0	0	0	0	0	0	0	37	72	0	0	0	1	0	0
input/ontoserver/JDV/JDV_J107_EnsembleSavoirFaire_RASS.json	21672	3	0	0	0	0	0	0	1	27	0	0	0	0	0	0	0	0	0	0	181	342	0	0	0	3	0	0
input/ontoserver/JDV/JDV_J108_EnsembleFonction_RASS.json	6428	2	0	0	0	0	0	0	0	9	0	0	0	0	0	0	0	1	0	0	64	131	0	0	0	2	0	0
input/ontoserver/JDV/JDV_J110_StatutVisibiliteDocument_CISIS.json	1553	2	0	0	0	0	0	0	0	4	0	0	0	0	0	0	0	0	0	0	15	29	0	0	0	0	0	1
input/ontoserver/JDV/JDV_J111_StatutEtatCivil_ENREG.json	1451	2	0	0	0	0	0	0	0	4	0	0	0	0	0	0	0	0	0	0	16	28	0	0	0	0	0	0
input/ontoserver/JDV/JDV_J112_SexeAdministratif_ENREG.json	1100	2	0	0	0	0	0	0	0	4	0	0	0	0	0	0	0	0	0	0	12	21	0	0	0	0	0	0
input/ontoserver/JDV/JDV_J113_Civilite_ENREG.json	1037	2	0	0	0	0	0	0	0	3	0	0	0	0	0	0	0	0	0	0	13	22	0	0	0	1	0	0
input/ontoserver/JDV/JDV_J114_Pays_ENREG.json	10742	3	0	0	0	0	0	0	1	15	0	0	0	0	0	0	0	0	0	0	92	42	0	1	0	1	0	0
input/ontoserver/JDV/JDV_J115_Langue_ENREG.json	8866	2	0	0	0	0	0	0	0	13	0	0	0	0	0	0	0	0	0	0	80	233	0	0	0	2	0	0
input/ontoserver/JDV/JDV_J116_GenreActivite_ENREG.json	1693	2	0	0	0	0	0	0	0	107	0	0	0	0	0	0	0	0	0	0	18	27	0	0	0	0	0	0
input/ontoserver/JDV/JDV_J117_ModeExercice_ENREG.json	1163	2	0	0	0	0	0	0	0	5	0	0	0	0	0	0	0	0	0	0	17	20	0	0	0	0	0	0
input/ontoserver/JDV/JDV_J118_CategorieProfessionnelle_ENREG.json	1232	2	1	0	0	0	0	0	1	4	0	0	0	0	0	0	0	0	0	0	13	20	0	0	0	1	0	0
input/ontoserver/JDV/JDV_J119_TypeActiviteLiberale_ENREG.json	1421	3	0	0	0	0	0	0	0	3	0	0	0	0	0	0	0	0	0	0	15	25	0	0	0	0	0	0
input/ontoserver/JDV/JDV_J11_RelationPatient_CISIS.json	2957	3	0	0	0	0	0	0	0	6	0	0	0	0	0	0	0	0	0	0	35	59	0	0	0	0	0	0
input/ontoserver/JDV/JDV_J120_CommuneHistorisee.json	2162740	154	0	0	0	0	0	0	109	14124	0	0	0	0	0	0	0	48	0	0	10702	15180	0	0	0	419	0	15
input/ontoserver/JDV/JDV_J121_RolePriseCharge_ENREG.json	2583	2	0	0	0	0	0	0	0	6	0	0	0	0	0	0	0	0	0	0	30	46	0	0	0	0	0	0
input/ontoserver/JDV/JDV_J122_Profession_ENREG.json	1285	2	0	0	0	0	0	0	0	2	0	0	0	0	0	0	0	0	0	0	13	16	0	0	1	0	0	0
input/ontoserver/JDV/JDV_J123_Pays_MDPH.json	10930	3	0	0	0	0	0	0	1	6	0	0	0	0	0	0	0	0	0	0	93	26	0	0	0	2	0	0
input/ontoserver/JDV/JDV_J124_Commune.json	1926496	228	0	0	0	0	0	0	102	456	0	0	0	0	0	0	0	17	0	0	9526	7766	0	0	0	381	0	12
input/ontoserver/JDV/JDV_J125_MotifRejet_ENREG.json	1257	4	0	0	0	0	0	0	0	7	0	0	0	0	0	0	0	0	0	0	15	20	0	0	0	1	0	0
input/ontoserver/JDV/JDV_J126_SecteurActivite_ENREG.json	3456	3	0	0	0	0	0	0	0	5	0	0	0	0	0	0	0	0	0	0	31	57	0	0	0	0	0	0
input/ontoserver/JDV/JDV_J127_StatutJuridique_ENREG.json	4081	1	0	0	0	0	0	0	0	572	0	0	0	0	0	0	0	0	0	0	26	669	0	0	0	1	0	1
input/ontoserver/JDV/JDV_J128_TypeCarte_RASS.json	1290	2	1	0	0	0	0	0	0	3	0	0	0	0	0	0	0	0	0	0	14	20	0	0	0	0	0	0
input/ontoserver/JDV/JDV_J129_CategorieEtablissement_RASS.json	23686	3	0	0	0	0	0	0	1	16	0	0	0	0	0	0	0	0	0	0	202	370	0	0	0	4	0	0
input/ontoserver/JDV/JDV_J12_CiviliteTitre_CISIS.json	1249	2	0	0	0	0	0	0	0	4	0	0	0	0	0	0	0	0	0	0	14	20	0	0	0	1	0	0
input/ontoserver/JDV/JDV_J130_CNAMAmeliSecteurConventionnement_RASS.json	1391	2	0	0	0	0	0	0	0	2	0	0	0	0	0	0	0	0	0	0	14	19	0	0	0	0	0	0
input/ontoserver/JDV/JDV_J131_CategorieActiviteSanitaireRegulee_RASS.json	1409	4	0	0	0	0	0	0	0	4	0	0	0	0	0	0	0	0	0	0	14	18	0	0	0	0	0	0
input/ontoserver/JDV/JDV_J132_ModaliteActivite_RASS.json	15323	2	0	0	0	0	0	0	1	15	0	0	0	0	0	0	0	0	0	0	182	225	0	0	0	2	0	0
input/ontoserver/JDV/JDV_J133_ActiviteSanitaireRegulee_RASS.json	5946	3	0	0	0	0	0	0	0	8	0	0	0	0	0	0	0	0	0	0	51	123	0	0	0	1	0	0
input/ontoserver/JDV/JDV_J134_FormeActivite_RASS.json	3662	2	0	0	0	0	0	0	0	7	0	0	0	0	0	0	0	0	0	0	31	61	0	0	0	0	0	0
input/ontoserver/JDV/JDV_J135_EquipementMaterielLourd_RASS.json	1707	2	0	0	0	0	0	0	0	4	0	0	0	0	0	0	0	0	0	0	17	28	0	0	0	1	0	0
input/ontoserver/JDV/JDV_J136_DisciplineEquipementSocial_RASS.json	8243	2	0	0	0	0	0	0	1	10	0	0	0	0	0	0	0	0	0	0	69	133	0	0	0	1	0	0
input/ontoserver/JDV/JDV_J137_Clientele_RASS.json	6606	2	0	0	0	0	0	0	0	9	0	0	0	0	0	0	0	0	0	0	53	98	0	0	0	1	0	0
input/ontoserver/JDV/JDV_J138_TypeActivite_RASS.json	3861	2	0	0	0	0	0	0	0	12	0	0	0	0	0	0	0	0	0	0	37	65	0	0	0	0	0	0
input/ontoserver/JDV/JDV_J139_TypeBAL_RASS.json	1238	2	1	0	0	0	0	0	0	5	0	0	0	0	0	0	0	0	0	0	14	21	0	0	0	0	0	0
input/ontoserver/JDV/JDV_J13_ResponsableConsent_CISIS.json	2397	2	0	0	0	0	0	0	0	6	0	0	0	0	0	0	0	0	0	0	22	50	0	0	0	1	0	0
input/ontoserver/JDV/JDV_J140_EncounterParticipationType_CISIS.json	1417	1	0	0	0	0	0	0	0	3	0	0	0	0	0	0	0	0	0	0	16	25	0	0	0	0	0	0
input/ontoserver/JDV/JDV_J141_RoleClass_CISIS.json	1124	2	0	0	0	0	0	0	0	3	0	0	0	0	0	0	0	0	0	0	12	22	0	0	0	0	0	0
input/ontoserver/JDV/JDV_J142_TypeRencontre_CISIS.json	1754	2	0	0	0	0	0	0	0	4	0	0	0	0	0	0	0	0	0	0	16	26	0	0	0	0	0	0
input/ontoserver/JDV/JDV_J143_AdministrativeGender_CISIS.json	1164	3	0	0	0	0	0	0	0	3	0	0	0	0	0	0	0	0	0	0	14	20	0	0	0	1	0	0
input/ontoserver/JDV/JDV_J144_ParticipationType_CISIS.json	1395	2	0	0	0	0	0	0	0	3	0	0	0	0	0	0	0	0	0	0	14	22	0	0	0	0	0	0
input/ontoserver/JDV/JDV_J145_MethodBodyWeight_ENS.json	1062	2	0	0	0	0	0	0	0	828	0	0	0	0	0	0	0	0	0	0	12	580	0	0	0	0	0	0
input/ontoserver/JDV/JDV_J146_MethodBodyHeight_ENS.json	1231	2	0	0	0	0	0	0	0	1187	0	0	0	0	0	0	0	0	0	0	12	586	0	0	0	0	0	0
input/ontoserver/JDV/JDV_J147_MethodHeartrate_ENS.json	1366	2	0	0	0	0	0	0	0	736	0	0	0	0	0	0	0	0	0	0	16	558	0	0	0	0	0	0
input/ontoserver/JDV/JDV_J148_ReferenceRangeAppliesTo_CISIS.json	1279	2	0	0	0	0	0	0	0	90	0	0	0	0	0	0	0	0	0	0	14	112	0	0	0	1	0	0
input/ontoserver/JDV/JDV_J149_BodySiteBP_ENS.json	1059	2	1	0	0	0	0	0	0	108	0	0	0	0	0	0	0	0	0	0	11	108	0	0	0	0	0	0
input/ontoserver/JDV/JDV_J14_QualiteRepresentantLegal_CISIS.json	3418	2	0	0	0	0	0	0	1	4	0	0	0	0	0	0	0	0	0	0	31	64	0	0	0	0	0	0
input/ontoserver/JDV/JDV_J150_MethodBP_ENS.json	1291	2	0	0	0	0	0	0	0	562	0	0	0	0	0	0	0	0	0	0	13	564	0	0	0	1	0	0
input/ontoserver/JDV/JDV_J151_BodySiteBodyTemperature_ENS.json	1288	1	0	0	0	0	0	0	0	86	0	0	0	0	0	0	0	1	0	0	13	107	0	0	0	0	0	0
input/ontoserver/JDV/JDV_J152_MethodBodyTemperature_ENS.json	1177	2	0	0	0	0	0	0	0	539	0	0	0	0	0	0	0	0	0	0	12	595	0	0	0	0	0	0
input/ontoserver/JDV/JDV_J153_TypeDiabete_ENS.json	1693	2	0	0	0	0	0	0	0	1922	0	0	0	0	0	0	0	0	0	0	15	577	0	0	0	0	0	0
input/ontoserver/JDV/JDV_J154_TypeGlucose_ENS.json	1306	2	0	0	0	0	0	0	0	1095	0	0	0	0	0	0	0	0	0	0	14	606	0	0	0	0	0	0
input/ontoserver/JDV/JDV_J155_MethodGlucoseSanguin_ENS.json	1261	2	0	0	0	0	0	0	0	647	0	0	0	0	0	0	0	0	0	0	13	579	0	0	0	1	0	0
input/ontoserver/JDV/JDV_J156_MethodGlucoseInterstitiel_ENS.json	1116	1	0	0	0	0	0	0	0	571	0	0	0	0	0	0	0	0	0	0	12	589	0	0	0	0	0	0
input/ontoserver/JDV/JDV_J157_MomentGlucose_ENS.json	1417	2	0	0	0	0	0	0	0	1126	0	0	0	0	0	0	0	0	0	0	13	592	0	0	0	0	0	0
input/ontoserver/JDV/JDV_J158_MethodStepsByDay_ENS.json	1269	2	0	0	0	0	0	0	0	530	0	0	0	0	0	0	0	0	0	0	12	597	0	0	0	0	0	0
input/ontoserver/JDV/JDV_J159_MethodPainSeverity_ENS.json	1238	2	0	0	0	0	0	0	0	547	0	0	0	0	0	0	0	0	0	0	15	593	0	0	0	0	0	0
input/ontoserver/JDV/JDV_J15_ClasseAge_ROR.json	1397	2	0	0	0	0	0	0	0	3	0	0	0	0	0	0	0	0	0	0	14	32	0	0	0	1	0	0
input/ontoserver/JDV/JDV_J161_Lateralite_CISIS.json	1132	1	1	0	0	0	0	0	0	86	0	0	0	0	0	0	0	0	0	0	11	115	0	0	0	0	0	0
input/ontoserver/JDV/JDV_J162_ESPIC_RASS.json	1594	3	0	0	0	0	0	0	0	3	0	0	0	0	0	0	0	0	0	0	16	25	0	0	0	0	0	0
input/ontoserver/JDV/JDV_J164_GlucoseNumberOfDays_ENS.json	1364	2	0	0	0	0	0	0	0	533	0	0	0	0	0	0	0	0	0	0	12	568	0	0	0	0	0	0
input/ontoserver/JDV/JDV_J165_TypeCreneau_SAS.json	1253	2	0	0	0	0	0	0	0	2	0	0	0	0	0	0	0	0	0	0	32	20	0	0	0	1	0	0
input/ontoserver/JDV/JDV_J166_Profession_EPARS.json	2855	2	0	0	0	0	0	0	0	4	0	0	0	0	0	0	0	0	0	0	30	44	0	0	0	0	0	0
input/ontoserver/JDV/JDV_J167_DepartementOM_EPARS.json	5682	2	0	0	0	0	0	0	1	5	0	0	0	0	0	0	0	0	0	0	55	19	0	0	0	1	0	0
input/ontoserver/JDV/JDV_J168_Pays_EPARS.json	14129	3	0	0	0	0	0	0	0	10	0	0	0	0	0	0	0	0	0	0	105	26	0	0	0	2	0	0
input/ontoserver/JDV/JDV_J169_MotifFinActivite_EPARS.json	1520	1	0	0	0	0	0	0	0	3	0	0	0	0	0	0	0	0	0	0	17	26	0	0	0	0	0	0
input/ontoserver/JDV/JDV_J16_ActeSpecifique_ROR.json	93695	7	0	0	0	0	0	0	3	104	0	0	0	0	0	0	0	0	0	0	817	1416	0	0	0	23	0	1
input/ontoserver/JDV/JDV_J170_AutoriteEnregistrement_EPARS.json	2245	2	0	0	0	0	0	0	0	6	0	0	0	0	0	0	0	0	0	0	23	37	0	0	0	1	0	0
input/ontoserver/JDV/JDV_J171_TypeAutorisation_EPARS.json	2890	2	0	0	0	0	0	0	0	4	0	0	0	0	0	0	0	0	0	0	30	47	0	0	0	0	0	0
input/ontoserver/JDV/JDV_J172_SecteurActivite_EPARS.json	5634	2	0	0	0	0	0	0	0	6	0	0	0	0	0	0	0	0	0	0	52	92	0	0	0	1	0	0
input/ontoserver/JDV/JDV_J173_FinessStatutJuridique_EPARS.json	7140	2	1	0	0	0	0	0	0	555	0	0	0	0	0	0	0	1	0	0	39	610	0	0	0	1	0	0
input/ontoserver/JDV/JDV_J176_SituationVieQuotidienne_MDPH.json	1443	2	0	0	0	0	0	0	1	3	0	0	0	0	0	0	0	0	0	0	16	24	0	0	0	0	0	0
input/ontoserver/JDV/JDV_J177_BesoinAideMobilite_MDPH.json	1630	2	0	0	0	0	0	0	0	3	0	0	0	0	0	0	0	0	0	0	19	26	0	0	0	0	0	0
input/ontoserver/JDV/JDV_J178_BesoinAideVieSociale_MDPH.json	1623	2	0	0	0	0	0	0	0	2	0	0	0	0	0	0	0	0	0	0	21	34	0	0	0	0	0	0
input/ontoserver/JDV/JDV_J179_BesoinCommunication_MDPH.json	1462	1	0	0	0	0	0	0	0	2	0	0	0	0	0	0	0	0	0	0	16	19	0	0	0	1	0	0
input/ontoserver/JDV/JDV_J17_ActiviteOperationnelle_ROR.json	39197	4	0	0	0	0	0	0	1	26	0	0	0	0	0	0	0	0	0	0	405	631	0	0	0	9	0	0
input/ontoserver/JDV/JDV_J180_BesoinEntretienPersonnel_MDPH.json	1537	2	0	0	0	0	0	0	0	2	0	0	0	0	0	0	0	0	0	0	17	21	0	0	0	1	0	0
input/ontoserver/JDV/JDV_J181_BesoinMobilite_MDPH.json	1498	2	0	0	0	0	0	0	0	3	0	0	0	0	0	0	0	0	0	0	15	20	0	0	0	0	0	0
input/ontoserver/JDV/JDV_J182_BesoinScolarite_MDPH.json	1620	2	0	0	0	0	0	0	0	2	0	0	0	0	0	0	0	0	0	0	18	25	0	0	0	0	0	0
input/ontoserver/JDV/JDV_J183_Diplome_EPARS.json	9954	2	0	0	0	0	0	0	0	9	0	0	0	0	0	0	0	0	0	0	101	137	0	0	0	2	0	0
input/ontoserver/JDV/JDV_J185_TypeFermeture_ROR.json	1119	2	0	0	0	0	0	0	0	2	0	0	0	0	0	0	0	0	0	0	13	17	0	0	0	0	0	0
input/ontoserver/JDV/JDV_J186_ProfessionRessource_ROR.json	9952	2	0	0	0	0	0	0	1	6	0	0	0	0	0	0	0	0	0	0	90	189	0	0	0	2	0	0
input/ontoserver/JDV/JDV_J187_NatureCapacite_ROR.json	1122	2	1	0	0	0	0	0	0	2	0	0	0	0	0	0	0	0	0	0	12	16	0	0	0	0	0	0
input/ontoserver/JDV/JDV_J188_TypeStatutCapacite_ROR.json	1321	2	0	0	0	0	0	0	0	2	0	0	0	0	0	0	0	0	0	0	14	19	0	0	0	0	0	0
input/ontoserver/JDV/JDV_J189_TemporaliteCapacite_ROR.json	1558	2	0	0	0	0	0	0	0	2	0	0	0	0	0	0	0	0	0	0	14	23	0	0	0	0	0	0
input/ontoserver/JDV/JDV_J18_EquipementSpecifique_ROR.json	11605	2	0	0	0	0	0	0	0	7	0	0	0	0	0	0	0	0	0	0	92	173	0	0	0	2	0	1
input/ontoserver/JDV/JDV_J190_GenreCapacite_ROR.json	1250	2	0	0	0	0	0	0	0	2	0	0	0	0	0	0	0	0	0	0	13	19	0	0	0	0	0	0
input/ontoserver/JDV/JDV_J191_TypeFermetureCapacite_ROR.json	1375	2	0	0	0	0	0	0	0	2	0	0	0	0	0	0	0	0	0	0	14	17	0	0	0	0	0	0
input/ontoserver/JDV/JDV_J192_TypeLitSupplementaire_ROR.json	1426	2	0	0	0	0	0	0	0	2	0	0	0	0	0	0	0	0	0	0	13	17	0	0	0	1	0	0
input/ontoserver/JDV/JDV_J193_TypeSourceCapacite_ROR.json	1321	1	0	0	0	0	0	0	0	2	0	0	0	0	0	0	0	0	0	0	15	18	0	0	0	0	0	0
input/ontoserver/JDV/JDV_J194_TypeCrise_ROR.json	1177	3	0	0	0	0	0	0	0	3	0	0	0	0	0	0	0	0	0	0	14	16	0	0	0	0	0	0
input/ontoserver/JDV/JDV_J195_AffectationTemporaire_ROR.json	1397	2	0	0	0	0	0	0	0	2	0	0	0	0	0	0	0	0	0	0	13	16	0	0	0	0	0	0
input/ontoserver/JDV/JDV_J196_StatutCommunication_ROR.json	1194	1	1	0	0	0	0	0	0	2	0	0	0	0	0	0	0	0	0	0	12	14	0	0	0	0	0	0
input/ontoserver/JDV/JDV_J197_XdsTypesIdentifiantsReferenceId_CISIS.json	1707	2	0	0	0	0	0	0	1	2	0	0	0	0	0	0	0	0	0	0	17	22	0	0	0	1	0	0
input/ontoserver/JDV/JDV_J198_FonctionLieu_ROR.json	1072	2	0	0	0	0	0	0	0	2	0	0	0	0	0	0	0	0	0	0	11	15	0	0	0	0	0	0
input/ontoserver/JDV/JDV_J199_StatutJuridique_ROR.json	7117	2	0	0	0	0	0	0	0	3	0	0	0	0	0	0	0	0	0	0	38	305	0	0	0	0	0	0
input/ontoserver/JDV/JDV_J19_ModePriseEnCharge_ROR.json	3372	2	0	0	0	0	0	0	0	3	0	0	0	0	0	0	0	0	0	0	35	69	0	0	0	1	0	0
input/ontoserver/JDV/JDV_J200_SousEnsembleAgregatStatutJuridique_ROR.json	1489	2	0	0	0	0	0	0	0	703	0	0	0	0	0	0	0	0	0	0	13	578	0	0	0	0	0	0
input/ontoserver/JDV/JDV_J201_TypeFermeture_ROR.json	1320	2	0	0	0	0	0	0	0	3	0	0	0	0	0	0	0	0	0	0	13	22	0	0	0	1	0	0
input/ontoserver/JDV/JDV_J202_ESPIC_ROR.json	1573	1	0	0	0	0	0	0	0	2	0	0	0	0	0	0	0	0	0	0	15	21	0	0	0	0	0	0
input/ontoserver/JDV/JDV_J203_TypeOrganisationInterne_ROR.json	1520	2	0	0	0	0	0	0	0	2	0	0	0	0	0	0	0	0	0	0	15	20	0	0	0	0	0	0
input/ontoserver/JDV/JDV_J204_NiveauRecoursORSAN_ROR.json	1174	2	1	0	0	0	0	0	0	2	0	0	0	0	0	0	0	0	0	0	12	17	0	0	0	0	0	0
input/ontoserver/JDV/JDV_J205_UnitePrix_ROR.json	1128	2	0	0	0	0	0	0	0	3	0	0	0	0	0	0	0	0	0	0	13	17	0	0	0	0	0	0
input/ontoserver/JDV/JDV_J206_PrestationNonObligatoireIncluse_ROR.json	2097	2	0	0	0	0	0	0	0	2	0	0	0	0	0	0	0	0	0	0	20	24	0	0	0	1	0	0
input/ontoserver/JDV/JDV_J207_Civilite_ROR.json	1060	2	0	0	0	0	0	0	0	3	0	0	0	0	0	0	0	0	0	0	13	17	0	0	0	0	0	0
input/ontoserver/JDV/JDV_J208_CiviliteExercice_ROR.json	1291	2	0	0	0	0	0	0	0	2	0	0	0	0	0	0	0	0	0	0	15	24	0	0	0	0	0	0
input/ontoserver/JDV/JDV_J209_TypeSavoirFaire_ROR.json	1719	2	0	0	0	0	0	0	1	2	0	0	0	0	0	0	0	0	0	0	20	28	0	0	0	0	0	0
input/ontoserver/JDV/JDV_J20_ChampActivite_ROR.json	1277	2	0	0	0	0	0	0	0	3	0	0	0	0	0	0	0	0	0	0	17	19	0	0	0	1	0	0
input/ontoserver/JDV/JDV_J210_SpecialiteOrdinale_ROR.json	9260	2	0	0	0	0	0	0	0	5	0	0	0	0	0	0	0	0	0	0	83	142	0	0	0	1	0	0
input/ontoserver/JDV/JDV_J211_CompetenceExclusive_ROR.json	1281	2	0	0	0	0	0	0	0	2	0	0	0	0	0	0	0	0	0	0	14	18	0	0	0	0	0	0
input/ontoserver/JDV/JDV_J212_OrientationParticuliere_ROR.json	1134	2	0	0	0	0	0	0	0	2	0	0	0	0	0	0	0	0	0	0	12	17	0	0	0	0	0	0
input/ontoserver/JDV/JDV_J213_CapaciteSavoirFaire_ROR.json	2183	2	1	0	0	0	0	0	0	2	0	0	0	0	0	0	0	1	0	0	22	34	0	0	0	1	0	0
input/ontoserver/JDV/JDV_J214_QualificationPAC_ROR.json	1103	1	0	0	0	0	0	0	0	2	0	0	0	0	0	0	0	0	0	0	12	16	0	0	0	0	0	0
input/ontoserver/JDV/JDV_J215_DESCnonQualifiant_ROR.json	4038	2	0	0	0	0	0	0	0	3	0	0	0	0	0	0	0	0	0	0	34	70	0	0	0	0	0	0
input/ontoserver/JDV/JDV_J216_DroitExerciceCompl_ROR.json	2840	2	0	0	0	0	0	0	0	3	0	0	0	0	0	0	0	0	0	0	28	52	0	0	0	1	0	0
input/ontoserver/JDV/JDV_J217_ModeExercice_ROR.json	1141	2	0	0	0	0	0	0	0	2	0	0	0	0	0	0	0	0	0	0	18	22	0	0	0	0	0	0
input/ontoserver/JDV/JDV_J218_CNAMAmeliSecteurConventionnement_ROR.json	1411	2	0	0	0	0	0	0	1	2	0	0	0	0	0	0	0	0	0	0	14	18	0	0	0	0	0	0
input/ontoserver/JDV/JDV_J219_TypeVoie_ROR.json	8495	3	0	0	0	0	0	0	0	7	0	0	0	0	0	0	0	0	0	0	80	233	0	0	0	1	0	0
input/ontoserver/JDV/JDV_J21_PalierAuthentificationActeurPP.json	1868	1	0	0	0	0	0	0	0	2	0	0	0	0	0	0	0	0	0	0	18	23	0	0	0	1	0	0
input/ontoserver/JDV/JDV_J220_FonctionContact_ROR.json	2587	2	0	0	0	0	0	0	1	3	0	0	0	0	0	0	0	0	0	0	25	50	0	0	0	0	0	0
input/ontoserver/JDV/JDV_J221_NatureContact_ROR.json	1809	2	0	0	0	0	0	0	0	2	0	0	0	0	0	0	0	0	0	0	19	35	0	0	0	0	0	0
input/ontoserver/JDV/JDV_J222_NiveauConfidentialite_ROR.json	1196	2	0	0	0	0	0	0	0	2	0	0	0	0	0	0	0	0	0	0	13	17	0	0	0	1	0	0
input/ontoserver/JDV/JDV_J223_TypeDivisionTerritoriale_ROR.json	1315	2	1	0	0	0	0	0	0	2	0	0	0	0	0	0	0	0	0	0	14	23	0	0	0	0	0	0
input/ontoserver/JDV/JDV_J224_StatutLieu_ROR.json	1113	2	0	0	0	0	0	0	0	3	0	0	0	0	0	0	0	0	0	0	12	18	0	0	0	0	0	0
input/ontoserver/JDV/JDV_J225_CanalCommunication_ROR.json	1488	1	0	0	0	0	0	0	0	2	0	0	0	0	0	0	0	0	0	0	15	29	0	0	0	0	0	0
input/ontoserver/JDV/JDV_J226_ModaliteAccueil_ROR.json	1750	2	0	0	0	0	0	0	0	2	0	0	0	0	0	0	0	0	0	0	19	28	0	0	0	1	0	0
input/ontoserver/JDV/JDV_J227_NiveauExpertise_ROR.json	4358	2	0	0	0	0	0	0	0	3	0	0	0	0	0	0	0	0	0	0	32	54	0	0	0	0	0	0
input/ontoserver/JDV/JDV_J228_TypeCaracteristiqueEquipement_ROR.json	1196	2	0	0	0	0	0	0	0	2	0	0	0	0	0	0	0	0	0	0	12	17	0	0	0	0	0	0
input/ontoserver/JDV/JDV_J229_ProfessionSante_ROR.json	2504	2	0	0	0	0	0	0	1	3	0	0	0	0	0	0	0	0	0	0	25	58	0	0	0	1	0	0
input/ontoserver/JDV/JDV_J22_RestrictionAudienceVIHF_CISIS.json	1192	2	0	0	0	0	0	0	0	2	0	0	0	0	0	0	0	0	0	0	13	14	0	0	0	0	0	0
input/ontoserver/JDV/JDV_J231_XdsTypesIdentifiantsReferenceId_DMP.json	1407	3	0	0	0	0	0	0	0	2	0	0	0	0	0	0	0	0	0	0	14	17	0	0	0	0	0	0
input/ontoserver/JDV/JDV_J232_Competence_ROR.json	3552	2	0	0	0	0	0	0	0	3	0	0	0	0	0	0	0	0	0	0	109	62	0	0	0	1	0	0
input/ontoserver/JDV/JDV_J233_TypeDiplome_EPARS.json	1142	2	1	0	0	0	0	0	0	2	0	0	0	0	0	0	0	0	0	0	13	18	0	0	0	0	0	0
input/ontoserver/JDV/JDV_J234_GenreActivite_EPARS.json	1173	2	0	0	0	0	0	0	0	2	0	0	0	0	0	0	0	0	0	0	13	20	0	0	0	0	0	0
input/ontoserver/JDV/JDV_J235_LieuFormation_EPARS.json	15220	4	0	0	0	0	0	0	2	28	0	0	0	0	0	0	0	0	0	0	147	464	0	0	0	3	0	0
input/ontoserver/JDV/JDV_J236_TypeIdentifiant_ROR.json	2587	2	0	0	0	0	0	0	0	4	0	0	0	0	0	0	0	0	0	0	29	42	0	0	0	1	0	0
input/ontoserver/JDV/JDV_J237_RegionOM_ROR.json	1805	2	0	0	0	0	0	0	0	2	0	0	0	0	0	0	0	0	0	0	18	16	0	0	0	0	0	0
input/ontoserver/JDV/JDV_J238_TypeOffre_ROR.json	12840	2	0	0	0	0	0	0	0	6	0	0	0	0	0	0	0	0	0	0	101	198	0	0	0	2	0	1
input/ontoserver/JDV/JDV_J239_SpecialitesSNP_SAS.json	2542	2	0	0	0	0	0	0	1	2	0	0	0	0	0	0	0	0	0	0	26	45	0	0	0	0	0	0
input/ontoserver/JDV/JDV_J23_TypeNoteCahierLiaison_CISIS.json	1282	2	0	0	0	0	0	0	0	2	0	0	0	0	0	0	0	0	0	0	15	20	0	1	0	0	0	0
input/ontoserver/JDV/JDV_J241_ThematiqueAnomalie_ROR.json	1322	2	0	0	0	0	0	0	0	3	0	0	0	0	0	0	0	0	0	0	14	21	0	0	0	0	0	0
input/ontoserver/JDV/JDV_J242_ActionAnomalie_ROR.json	1172	2	0	0	0	0	0	0	0	2	0	0	0	0	0	0	0	0	0	0	13	17	0	0	0	1	0	0
input/ontoserver/JDV/JDV_J244_StatutMetierAnomalie_ROR.json	1623	1	1	0	0	0	0	0	0	2	0	0	0	0	0	0	0	0	0	0	16	34	0	0	0	0	0	0
input/ontoserver/JDV/JDV_J245_Civilite_CISIS.json	1034	2	0	0	0	0	0	0	0	2	0	0	0	0	0	0	0	0	0	0	17	15	0	0	0	0	0	0
input/ontoserver/JDV/JDV_J246_Titre_CISIS.json	1255	2	0	0	0	0	0	0	0	2	0	0	0	0	0	0	0	0	0	0	13	20	0	0	0	0	0	0
input/ontoserver/JDV/JDV_J247_Pays_ROR.json	10896	3	0	0	0	0	0	0	1	6	0	0	0	0	0	0	0	0	0	0	94	25	0	0	0	2	0	0
input/ontoserver/JDV/JDV_J248_DepartementOM_ROR.json	6208	2	0	0	0	0	0	0	1	4	0	0	0	0	0	0	0	0	0	0	59	33	0	0	0	1	0	0
input/ontoserver/JDV/JDV_J249_TerritoireSante_ROR.json	7033	3	0	0	0	0	0	0	0	5	0	0	0	0	0	0	0	1	0	0	69	188	0	0	0	1	0	0
input/ontoserver/JDV/JDV_J24_ProfessionAuteurNote_CISIS.json	2338	1	0	0	0	0	0	0	0	4	0	0	0	0	0	0	0	0	0	0	23	43	0	0	0	1	0	0
input/ontoserver/JDV/JDV_J250_MotifStatutPersonnePriseChargeUnite.json	3345	2	0	0	0	0	0	0	1	3	0	0	0	0	0	0	0	0	0	0	31	56	0	0	0	0	0	0
input/ontoserver/JDV/JDV_J251_MotifStatutPersonnePriseChargeESMS.json	3168	2	0	0	0	0	0	0	0	3	0	0	0	0	0	0	0	0	0	0	29	42	0	0	0	1	0	0
input/ontoserver/JDV/JDV_J252_StatutPersonnePriseChargeESMS.json	2125	2	0	0	0	0	0	0	0	2	0	0	0	0	0	0	0	0	0	0	21	35	0	0	0	0	0	0
input/ontoserver/JDV/JDV_J253_StatutPersonnePriseChargeUnite.json	1808	2	0	0	0	0	0	0	0	3	0	0	0	0	0	0	0	0	0	0	16	24	0	0	0	0	0	0
input/ontoserver/JDV/JDV_J254_CategorieEtablissementESSMSPH.json	3154	2	1	0	0	0	0	0	0	3	0	0	0	0	0	0	0	0	0	0	27	41	0	0	0	1	0	0
input/ontoserver/JDV/JDV_J255_SurspecialiteTransversale_RPPS.json	2988	2	0	0	0	0	0	0	0	3	0	0	0	0	0	0	0	0	0	0	27	46	0	0	0	0	0	0
input/ontoserver/JDV/JDV_J256_Pays.json	9965	2	0	0	0	0	0	0	1	58	0	0	0	0	0	0	0	0	0	0	87	276	0	0	0	2	0	0
input/ontoserver/JDV/JDV_J257_Region.json	2313	3	0	0	0	0	0	0	0	5	0	0	0	0	0	0	0	0	0	0	22	52	0	0	0	0	0	0
input/ontoserver/JDV/JDV_J258_Departement.json	6270	2	0	0	0	0	0	0	1	7	0	0	0	0	0	0	0	0	0	0	58	163	0	0	0	1	0	0
input/ontoserver/JDV/JDV_J262_Sexe.json	1119	2	0	0	0	0	0	0	0	3	0	0	0	0	0	0	0	0	0	0	12	18	0	0	0	0	0	0
input/ontoserver/JDV/JDV_J264_ModeEtCentreDePriseEnCharge_MDPH.json	1527	2	0	0	0	0	0	0	0	4	0	0	0	0	0	0	0	0	0	0	17	24	0	0	0	0	0	0
input/ontoserver/JDV/JDV_J26_ModeGestion_ROR.json	1043	1	0	0	0	0	0	0	0	3	0	0	0	0	0	0	0	0	0	0	11	18	0	0	0	1	0	0
input/ontoserver/JDV/JDV_J27_GroupeTarifaireDependance_ROR.json	1210	2	0	0	0	0	0	0	0	4	0	0	0	0	0	0	0	0	0	0	14	16	0	0	0	0	0	0
input/ontoserver/JDV/JDV_J28_OuvertureAnnuelle_ROR.json	1392	2	1	0	0	0	0	0	0	3	0	0	0	0	0	0	0	0	0	0	15	19	0	0	0	0	0	0
input/ontoserver/JDV/JDV_J29_PublicPrisEnCharge_ROR.json	1687	2	0	0	0	0	0	0	0	4	0	0	0	0	0	0	0	0	0	0	16	25	0	0	0	0	0	0
input/ontoserver/JDV/JDV_J30_TemporaliteAccueil_ROR.json	1095	2	0	0	0	0	0	0	0	3	0	0	0	0	0	0	0	0	0	0	12	15	0	0	0	0	0	0
input/ontoserver/JDV/JDV_J31_AideFinanciere_ROR.json	1148	2	0	0	0	0	0	0	0	3	0	0	0	0	0	0	0	0	0	0	12	15	0	0	0	1	0	0
input/ontoserver/JDV/JDV_J32_TypeHabitation_ROR.json	1239	1	0	0	0	0	0	0	0	3	0	0	0	0	0	0	0	0	0	0	13	37	0	0	0	0	0	0
input/ontoserver/JDV/JDV_J33_CompetenceSpecifique_ROR.json	4755	2	0	0	0	0	0	0	1	5	0	0	0	0	0	0	0	0	0	0	42	87	0	0	0	0	0	0
input/ontoserver/JDV/JDV_J34_CategorieOrganisation_ROR.json	12797	3	0	0	0	0	0	0	0	5	0	0	0	0	0	0	0	0	0	0	101	201	0	0	0	2	0	0
input/ontoserver/JDV/JDV_J35_SpecialisationDePriseEnCharge_ROR.json	6150	2	0	0	0	0	0	0	1	3	0	0	0	0	0	0	0	0	0	0	54	81	0	0	0	1	0	0
input/ontoserver/JDV/JDV_J36_TypeTarif_ROR.json	1368	2	0	0	0	0	0	0	0	3	0	0	0	0	0	0	0	0	0	0	15	21	0	0	0	0	0	0
input/ontoserver/JDV/JDV_J38_ModeAcces_CISIS.json	1252	2	0	0	0	0	0	0	0	2	0	0	0	0	0	0	0	0	0	0	14	17	0	0	0	1	0	0
input/ontoserver/JDV/JDV_J39_ConditionTarifaire_ROR.json	1199	2	0	0	1	0	0	0	0	2	0	0	0	0	0	0	0	0	0	0	13	16	0	0	0	0	0	0
input/ontoserver/JDV/JDV_J41_TypeHoraire_ROR.json	1486	1	1	0	0	0	0	0	0	2	0	0	0	0	0	0	0	0	0	0	15	25	0	0	0	0	0	0
input/ontoserver/JDV/JDV_J42_TypeMaternite_ROR.json	1201	2	0	0	0	0	0	0	0	2	0	0	0	0	0	0	0	0	0	0	13	17	0	0	1	0	0	0
input/ontoserver/JDV/JDV_J46_TypeEvenementNotification_CISIS.json	2929	2	0	0	0	0	0	0	0	3	0	0	0	0	0	0	0	0	0	0	27	39	0	0	0	1	0	0
input/ontoserver/JDV/JDV_J47_FunctionCode_CISIS.json	1886	2	0	0	0	0	0	0	0	2	0	0	0	0	0	0	0	0	0	0	19	25	0	0	0	0	0	0
input/ontoserver/JDV/JDV_J48_ProfessionNonPS_CISIS.json	4717	2	0	0	0	0	0	0	1	3	0	0	0	0	0	0	0	0	0	0	47	93	0	0	0	1	0	0
input/ontoserver/JDV/JDV_J50_AccessibiliteLieu_ROR.json	1308	4	0	0	0	0	0	0	0	3	0	0	0	0	0	0	0	0	0	0	14	22	0	0	0	0	0	0
input/ontoserver/JDV/JDV_J51_FamilleActiviteOperationnelle_ROR.json	4127	2	0	0	0	0	0	0	0	1194	0	0	0	0	0	0	0	0	0	0	27	571	0	0	0	0	0	0
input/ontoserver/JDV/JDV_J52_AvailabilityStatus_CISIS.json	1572	2	0	0	0	0	0	0	0	3	0	0	0	0	0	0	0	0	0	0	16	21	0	0	0	1	0	0
input/ontoserver/JDV/JDV_J53_TypeRequeteGestionDossier_CISIS.json	1478	2	0	0	0	0	0	0	0	2	0	0	0	0	0	0	0	0	0	0	14	19	0	0	0	0	0	0
input/ontoserver/JDV/JDV_J54_Profession_ROR.json	4514	2	0	0	0	0	0	0	0	3	0	0	0	0	0	0	0	0	0	0	45	83	0	0	0	1	0	1
input/ontoserver/JDV/JDV_J55_CategorieEG_ROR.json	15294	3	1	0	0	0	0	0	1	8	0	0	0	0	0	0	0	0	0	0	129	277	0	0	0	2	0	0
input/ontoserver/JDV/JDV_J56_AuthorSpecialty_DMP.json	33511	3	0	0	0	0	0	0	2	13	0	0	0	0	0	0	0	1	0	0	269	539	0	0	0	5	0	0
input/ontoserver/JDV/JDV_J57_ClassCode_DMP.json	1778	2	0	0	0	0	0	0	0	3	0	0	0	0	0	0	0	0	0	0	19	28	0	0	0	1	0	0
input/ontoserver/JDV/JDV_J58_ConfidentialityCode_DMP.json	1575	2	0	0	0	0	0	0	0	2	0	0	0	0	0	0	0	0	0	0	16	21	0	0	0	0	0	0
input/ontoserver/JDV/JDV_J59_ContentTypeCode_DMP.json	8275	2	0	0	0	0	0	0	1	4	0	0	0	0	0	0	0	0	0	0	83	125	0	0	0	1	0	0
input/ontoserver/JDV/JDV_J60_FormatCode_DMP.json	7854	3	0	0	0	0	0	0	0	4	0	0	0	0	0	0	0	0	0	0	67	114	0	0	0	1	0	0
input/ontoserver/JDV/JDV_J61_HealthcareFacilityTypeCode_DMP.json	5938	2	0	0	0	0	0	0	0	4	0	0	0	0	0	0	0	0	0	0	56	101	0	0	0	1	0	0
input/ontoserver/JDV/JDV_J62_PracticeSettingCode_DMP.json	1804	2	0	0	0	0	0	0	0	2	0	0	0	0	0	0	0	0	0	0	18	31	0	0	0	0	0	0
input/ontoserver/JDV/JDV_J64_RestrictionAudienceVIHF_DMP.json	1183	1	0	0	0	0	0	0	0	2	0	0	0	0	0	0	0	0	0	0	13	14	0	0	0	1	0	0
input/ontoserver/JDV/JDV_J65_SubjectRole_DMP.json	32258	4	1	0	0	0	0	0	2	13	0	0	0	0	0	0	0	0	0	0	284	637	0	0	0	5	0	0
input/ontoserver/JDV/JDV_J66_TypeCode_DMP.json	8744	3	0	0	0	0	0	0	1	558	0	0	0	0	0	0	0	0	0	0	62	787	0	0	0	2	0	0
input/ontoserver/JDV/JDV_J67_TraitementDocument_CISIS.json	1098	1	0	0	0	0	0	0	0	2	0	0	0	0	0	0	0	0	0	0	11	16	0	0	0	0	0	0
input/ontoserver/JDV/JDV_J68_ProfilAccesReferentiel_ROR.json	1832	2	0	0	0	0	0	0	0	2	0	0	0	0	0	0	0	0	0	0	18	26	0	0	0	0	0	0
input/ontoserver/JDV/JDV_J69_ActiviteOperationnelle_Santefr.json	39497	6	0	0	0	0	0	0	2	23	0	0	0	0	0	0	0	0	0	0	403	679	0	0	0	10	0	0
input/ontoserver/JDV/JDV_J70_Equipement_Santefr.json	10795	3	0	0	0	0	0	0	1	6	0	0	0	0	0	0	0	0	0	0	86	195	0	0	0	2	0	0
input/ontoserver/JDV/JDV_J71_ProfessionFonction_MSSante.json	4103	2	0	0	0	0	0	0	0	4	0	0	0	0	0	0	0	0	0	0	44	185	0	0	0	0	0	0
input/ontoserver/JDV/JDV_J72_TypeProfessionFonction_MSSante.json	1221	2	2	0	0	0	0	0	0	2	0	0	0	0	0	0	0	0	0	0	12	17	0	0	0	0	0	0
input/ontoserver/JDV/JDV_J73_MetierPharmacien_RASS.json	2312	1	0	0	0	0	0	0	0	2	0	0	0	0	0	0	0	0	0	0	24	33	0	0	0	1	0	0
input/ontoserver/JDV/JDV_J74_Pays_RASS.json	14132	3	0	0	0	0	0	0	1	6	0	0	0	0	0	0	0	1	0	0	105	24	0	0	0	2	0	1
input/ontoserver/JDV/JDV_J75_TypeAutorisation_RASS.json	4787	3	0	0	0	0	0	0	0	3	0	0	0	0	0	0	0	0	0	0	46	67	0	0	0	0	0	0
input/ontoserver/JDV/JDV_J76_DisciplineAutorisation_RASS.json	3668	2	0	0	0	0	0	0	1	3	0	0	0	0	0	0	0	0	0	0	35	59	0	0	0	1	0	0
input/ontoserver/JDV/JDV_J77_TypeIdentifiantPersonne_RASS.json	1513	2	0	0	0	0	0	0	0	2	0	0	0	0	0	0	0	0	0	0	15	25	0	0	0	0	0	0
input/ontoserver/JDV/JDV_J78_Civilite_RASS.json	1096	1	0	0	0	0	0	0	0	2	0	0	0	0	0	0	0	0	0	0	13	25	0	0	0	0	0	0
input/ontoserver/JDV/JDV_J79_CiviliteExercice_RASS.json	1322	2	0	0	0	0	0	0	0	2	0	0	0	0	0	0	0	0	0	0	13	29	0	0	0	1	0	0
input/ontoserver/JDV/JDV_J80_Sexe_RASS.json	1127	2	0	0	0	0	0	0	0	2	0	0	0	0	0	0	0	0	0	0	13	25	0	0	0	0	0	0
input/ontoserver/JDV/JDV_J81_TypeDiplome_RASS.json	2062	2	0	0	0	0	0	0	0	2	0	0	0	0	0	0	0	0	0	0	18	29	0	0	0	6	0	0
input/ontoserver/JDV/JDV_J82_Langue_RASS.json	8969	3	1	0	0	0	0	0	1	6	0	0	0	0	0	0	0	0	0	0	81	251	0	0	0	2	0	0
input/ontoserver/JDV/JDV_J83_AutoriteEnregistrement_RASS.json	2778	2	0	0	0	0	0	0	0	2	0	0	0	0	0	0	0	0	0	0	29	53	0	0	0	0	0	0
input/ontoserver/JDV/JDV_J84_DepartementOM_RASS.json	5638	2	0	0	0	0	0	0	0	4	0	0	0	0	0	0	0	0	0	0	59	18	0	0	0	1	0	0
input/ontoserver/JDV/JDV_J85_StatutInscription_RASS.json	1247	2	0	0	0	0	0	0	1	2	0	0	0	0	0	0	0	0	0	0	13	17	0	0	0	1	0	0
input/ontoserver/JDV/JDV_J86_NatCycleForm_RASS.json	1176	2	0	0	0	0	0	0	0	2	0	0	0	0	0	0	0	0	0	0	13	16	0	0	0	0	0	0
input/ontoserver/JDV/JDV_J87_NiveauFormAcquis_RASS.json	2097	1	0	0	0	0	0	0	0	3	0	0	0	0	0	0	0	0	0	0	18	46	0	0	0	0	0	0
input/ontoserver/JDV/JDV_J88_AnneeUniversitaire_RASS.json	1880	2	0	0	0	0	0	0	0	2	0	0	0	0	0	0	0	0	0	0	21	36	0	0	0	0	0	0
input/ontoserver/JDV/JDV_J89_CategorieProfessionnelle_RASS.json	1266	2	0	0	0	0	0	0	0	2	0	0	0	0	0	0	0	0	0	0	14	19	0	0	0	1	0	0
input/ontoserver/JDV/JDV_J90_AttributionParticuliere_RASS.json	1884	2	0	0	0	0	0	0	0	2	0	0	0	0	0	0	0	0	0	0	18	25	0	0	0	0	0	0
input/ontoserver/JDV/JDV_J91_TypeSavoirFaire_RASS.json	1750	2	1	0	0	0	0	0	0	2	0	0	0	0	0	0	0	0	0	0	16	28	0	0	0	0	0	0
input/ontoserver/JDV/JDV_J92_MotifFinActivite_RASS.json	1527	1	0	0	0	0	0	0	0	2	0	0	0	0	0	0	0	0	0	0	16	26	0	0	0	0	0	0
input/ontoserver/JDV/JDV_J93_RegionOM_RASS.json	2301	3	0	0	0	0	0	0	0	3	0	0	0	0	0	0	0	0	0	0	25	14	0	0	0	1	0	0
input/ontoserver/JDV/JDV_J94_GenreActivite_RASS.json	2437	1	0	0	0	0	0	0	0	2	0	0	0	0	0	0	0	0	0	0	24	37	0	0	0	0	0	0
input/ontoserver/JDV/JDV_J95_ModeExercice_RASS.json	1170	2	0	0	0	0	0	0	0	2	0	0	0	0	0	0	0	0	0	0	12	21	0	0	0	0	0	0
input/ontoserver/JDV/JDV_J96_TypeActiviteLiberale_RASS.json	1430	2	0	0	0	0	0	0	0	2	0	0	0	0	0	0	0	0	0	0	15	28	0	0	0	0	0	0
input/ontoserver/JDV/JDV_J97_StatutProfessionnelSSA_RASS.json	1330	2	0	0	0	0	0	0	0	2	0	0	0	0	0	0	0	0	0	0	13	27	0	0	0	1	0	0
input/ontoserver/JDV/JDV_J98_StatutHospitalier_RASS.json	3040	2	0	0	0	0	0	0	1	3	0	0	0	0	0	0	0	0	0	0	25	36	0	0	0	0	0	0
input/ontoserver/JDV/JDV_J99_InseeNAFrav2Niveau5_RASS.json	61624	5	0	0	0	0	0	0	1	30	0	0	0	0	0	0	0	0	0	0	475	933	0	0	0	12	0	0
input/ontoserver/TRE/ATC.json	2314	3	0	0	0	0	0	0	0	44	0	0	0	0	0	0	0	0	0	0	21	423	0	0	0	0	0	0
input/ontoserver/TRE/Base_de_donn_es_publique_du_m_dicament___BDPM.json	4587	2	1	0	0	0	0	0	1	4	0	0	0	0	0	0	0	0	0	0	33	20	0	0	0	1	0	0
input/ontoserver/TRE/CCAM.json	4238	4	0	0	0	0	0	0	0	2	0	0	0	0	0	0	0	1	0	0	33	103	0	0	0	0	0	0
input/ontoserver/TRE/CIM11_MMS.json	3596	4	0	0	0	0	0	0	0	3	0	0	0	0	0	0	0	0	0	0	27	113	0	0	0	1	0	0
input/ontoserver/TRE/CIM_10.json	2548	4	0	0	0	0	0	0	0	3	0	0	0	0	0	0	0	0	0	0	21	109	0	0	0	1	0	0
input/ontoserver/TRE/CISP_2.json	2406	2	0	0	0	0	0	0	0	2	0	0	0	0	0	0	0	0	0	0	21	109	0	0	0	0	0	0
input/ontoserver/TRE/CLADIMED.json	1826	2	0	0	0	0	0	0	1	3	0	0	0	0	0	0	0	0	0	0	18	102	0	0	0	0	0	1
input/ontoserver/TRE/Dictionnaire_des_substances_m_dicamenteuses__SMS_.json	2723	3	0	0	0	0	0	0	0	2	0	0	0	0	0	0	0	0	0	0	23	99	0	0	0	1	0	0
input/ontoserver/TRE/EDQM___Standard_Terms.json	4782	2	0	0	0	0	0	0	0	3	0	0	0	0	0	0	0	0	0	0	34	111	0	0	0	0	0	0
input/ontoserver/TRE/EMDN.json	1717	1	0	0	0	0	0	0	0	2	0	0	0	0	0	0	0	0	0	0	17	108	0	0	0	1	0	0
input/ontoserver/TRE/NABM.json	3349	2	0	0	0	0	0	0	0	3	0	0	0	0	0	0	0	0	0	0	26	110	0	0	0	0	0	0
input/ontoserver/TRE/NUVA.json	2524	2	0	0	0	0	0	0	0	2	0	0	0	0	0	0	0	0	0	0	20	100	0	0	0	0	0	0
input/ontoserver/TRE/SERAFIN_PH.json	253030	8	0	0	0	0	0	0	3	1	0	0	1	0	0	0	0	0	0	0	573	174	0	0	0	17	0	0
input/ontoserver/TRE/ServiceType.json	135501	77	0	0	0	0	0	0	4	1	0	0	0	0	0	0	0	0	0	0	354	75	0	0	0	11	0	0
input/ontoserver/TRE/TRE_A00_ProducteurDocNonPS.json	3454	2	0	0	0	0	0	0	0	4	0	0	0	0	0	0	0	0	0	0	25	18	0	0	0	1	0	0
input/ontoserver/TRE/TRE_A01_CadreExercice.json	3444	2	0	0	0	0	0	0	0	3	0	0	0	0	0	0	0	0	0	0	23	20	0	0	0	0	0	0
input/ontoserver/TRE/TRE_A02_ProfessionSavFaire_CISIS.json	80908	8	1	0	0	0	0	0	3	44	0	0	0	0	0	0	0	1	0	0	403	106	0	0	0	7	0	1
input/ontoserver/TRE/TRE_A03_ClasseDocument.json	3933	3	0	0	0	0	0	0	1	5	0	0	0	0	0	0	0	0	0	0	26	56	0	0	0	1	0	0
input/ontoserver/TRE/TRE_A05_TypeDocComplementaire.json	15720	2	0	0	0	0	0	0	0	7	0	0	0	0	0	0	0	0	0	0	76	26	0	0	0	1	0	0
input/ontoserver/TRE/TRE_A06_FormatCodeComplementaire.json	25555	4	0	0	0	0	0	0	1	10	0	0	0	0	0	0	0	0	0	0	121	44	0	0	0	2	0	0
input/ontoserver/TRE/TRE_A07_StatutVisibiliteDocument.json	3685	2	0	0	0	0	0	0	0	5	0	0	1	0	0	0	0	0	0	0	23	22	0	0	0	0	0	0
input/ontoserver/TRE/TRE_A08_HL7Confidentiality.json	2126	2	0	0	0	0	0	0	0	4	0	0	0	0	0	0	0	0	0	0	22	20	0	0	0	1	0	0
input/ontoserver/TRE/TRE_A09_DICOMuidRegistry.json	2144	2	0	0	0	0	0	0	0	3	0	0	0	0	0	0	0	0	0	0	18	14	0	0	0	0	0	0
input/ontoserver/TRE/TRE_A10_NomenclatureURN.json	1748	1	0	0	0	0	0	0	0	3	0	0	0	0	0	0	0	0	0	0	15	16	0	0	0	0	0	0
input/ontoserver/TRE/TRE_A11_IheFormatCode.json	17436	3	1	0	0	0	0	0	1	5	0	0	0	0	0	0	0	0	0	0	84	25	0	0	0	1	0	0
input/ontoserver/TRE/TRE_A12_NomenclatureASTM.json	1417	2	0	0	0	0	0	0	0	2	0	0	0	0	0	0	0	0	0	0	14	15	0	0	0	1	0	0
input/ontoserver/TRE/TRE_A13_HL7ParticipationType.json	14891	3	0	0	0	0	0	0	0	6	0	0	0	0	0	0	0	1	0	0	77	21	0	0	0	1	0	1
input/ontoserver/TRE/TRE_G00_Langue.json	39362	5	0	0	0	0	0	0	2	19	0	0	0	0	0	0	0	0	0	0	194	40	0	0	0	4	0	0
input/ontoserver/TRE/TRE_G01_CategorieProduit.json	3196	2	0	0	0	0	0	0	0	4	0	0	0	0	0	0	0	0	0	0	21	14	0	0	0	0	0	0
input/ontoserver/TRE/TRE_G02_TypeProduit.json	2561	2	0	0	0	0	0	0	0	3	0	0	0	0	0	0	0	0	0	0	18	13	0	0	0	1	0	0
input/ontoserver/TRE/TRE_G03_CiviliteCPx.json	2162	2	0	0	0	0	0	0	0	3	0	0	0	0	0	0	0	0	0	0	17	16	0	0	0	0	0	0
input/ontoserver/TRE/TRE_G04_NiveauResponsabiliteCPx.json	2029	2	0	0	0	0	0	0	0	4	0	0	0	0	0	0	0	0	0	0	17	21	0	0	0	0	0	0
input/ontoserver/TRE/TRE_G05_SousSectionTableauCNOP.json	6631	2	1	0	0	0	0	0	0	5	0	0	0	0	0	0	0	0	0	0	39	25	0	0	0	1	0	0
input/ontoserver/TRE/TRE_G07_TypeIdentifiantStructure.json	3778	2	0	0	0	0	0	0	1	4	0	0	0	0	0	0	0	0	0	0	24	16	0	0	0	0	0	0
input/ontoserver/TRE/TRE_G08_TypeIdentifiantPersonne.json	5398	2	0	0	0	0	0	0	0	5	0	0	0	0	0	0	0	0	0	0	33	14	0	0	0	1	0	0
input/ontoserver/TRE/TRE_G09_DepartementOM.json	43295	6	0	0	0	0	0	0	1	9	0	0	0	0	0	0	0	0	0	0	171	44	0	0	0	3	0	1
input/ontoserver/TRE/TRE_G100_Specialite_AM.json	18797	3	0	0	0	0	0	0	1	6	0	0	0	0	0	0	0	0	0	0	91	26	0	0	0	1	0	0
input/ontoserver/TRE/TRE_G11_NatureQualificationADELI.json	4423	2	0	0	0	0	0	0	0	3	0	0	0	0	0	0	0	1	0	0	26	16	0	0	0	0	0	0
input/ontoserver/TRE/TRE_G12_SpecialiteADELI.json	49130	5	0	0	0	0	0	0	2	12	0	0	0	0	0	0	0	0	0	0	211	39	0	0	0	4	0	0
input/ontoserver/TRE/TRE_G13_OrientationParticuliere.json	1643	2	0	0	0	0	0	0	0	2	0	0	0	0	0	0	0	0	0	0	17	14	0	0	0	1	0	0
input/ontoserver/TRE/TRE_G15_ProfessionSante.json	9051	2	1	0	0	0	0	0	0	5	0	0	0	0	0	0	0	0	0	0	50	18	0	0	0	0	0	0
input/ontoserver/TRE/TRE_G16_ProfessionFormation.json	2208	2	0	0	0	0	0	0	0	2	0	0	0	0	0	0	0	0	0	0	18	13	0	0	0	1	0	0
input/ontoserver/TRE/TRE_G17_ModeExerciceCPx.json	2195	2	0	0	0	0	0	0	0	2	0	0	0	0	0	0	0	0	0	0	18	14	0	0	0	0	0	0
input/ontoserver/TRE/TRE_G18_AttributionParticuliereADELI.json	4498	2	0	0	0	0	0	0	0	3	0	0	0	0	0	0	0	0	0	0	28	14	0	0	0	0	0	0
input/ontoserver/TRE/TRE_G19_SecteurActiviteADELI.json	23435	3	0	0	0	0	0	0	1	8	0	0	0	0	0	0	0	0	0	0	108	23	0	0	0	2	0	0
input/ontoserver/TRE/TRE_G20_Specialisation.json	4376	2	0	0	0	0	0	0	0	7	0	0	0	0	0	0	0	0	0	0	28	15	0	0	0	1	0	1
input/ontoserver/TRE/TRE_R01_EnsembleSavoirFaire_CISIS.json	99899	8	0	0	0	0	0	0	5	19	0	0	0	0	0	0	0	1	0	0	413	62	0	0	0	7	0	0
input/ontoserver/TRE/TRE_R02_SecteurActivite.json	25390	4	0	0	0	0	0	0	2	7	0	0	1	0	0	0	0	0	0	0	116	26	0	0	0	2	0	0
input/ontoserver/TRE/TRE_R03_AttributionParticuliere.json	4065	2	1	0	0	0	0	0	0	3	0	0	0	0	0	0	0	0	0	0	26	15	0	0	0	0	0	0
input/ontoserver/TRE/TRE_R04_TypeSavoirFaire.json	4311	2	0	0	0	0	0	0	0	4	0	0	0	0	0	0	0	0	0	0	26	14	0	0	0	1	0	0
input/ontoserver/TRE/TRE_R06_SectionTableauCNOP.json	3636	2	0	0	0	0	0	0	0	2	0	0	0	0	0	0	0	0	0	0	23	14	0	0	0	0	0	1
input/ontoserver/TRE/TRE_R09_CategorieProfessionnelle.json	2179	1	0	0	0	0	0	0	0	3	0	0	0	0	0	0	0	0	0	0	18	13	0	0	0	0	0	0
input/ontoserver/TRE/TRE_R10_SexeAdministratif.json	1599	2	0	0	0	0	0	0	1	3	0	0	0	0	0	0	0	0	0	0	15	14	0	0	0	1	0	0
input/ontoserver/TRE/TRE_R11_CiviliteExercice.json	2418	2	0	0	0	0	0	0	0	2	0	0	0	0	0	0	0	0	0	0	20	13	0	0	0	0	0	0
input/ontoserver/TRE/TRE_R13_Commune.json	13056805	1258	7	0	2	0	0	0	1053	144700	0	0	27	0	0	0	0	74	0	0	52310	177130	0	0	0	1022	0	85
input/ontoserver/TRE/TRE_R14_TypeDiplome.json	6090	3	0	0	0	0	0	0	0	9	0	0	0	0	0	0	0	0	0	0	33	18	0	0	0	1	0	0
input/ontoserver/TRE/TRE_R16_LieuFormation.json	414492	39	1	0	1	0	0	0	26	421	0	0	1	0	0	0	0	2	0	0	1771	316	0	0	0	37	0	3
input/ontoserver/TRE/TRE_R17_TypeAutorisation.json	23232	3	0	0	0	0	0	0	1	9	0	0	0	0	0	0	0	1	0	0	104	25	0	0	0	2	0	0
input/ontoserver/TRE/TRE_R18_DisciplineAutorisation.json	11937	3	0	0	0	0	0	0	1	5	0	0	0	0	0	0	0	0	0	0	63	20	0	0	0	1	0	1
input/ontoserver/TRE/TRE_R200_CanalCommunication.json	4183	2	0	0	0	0	0	0	0	2	0	0	0	0	0	0	0	0	0	0	25	16	0	0	0	0	0	0
input/ontoserver/TRE/TRE_R201_TypeDivisionTerritoriale.json	2425	2	0	0	0	0	0	0	1	3	0	0	0	0	0	0	0	0	0	0	18	16	0	0	0	0	0	0
input/ontoserver/TRE/TRE_R202_AccessibiliteLieu.json	2869	2	0	0	0	0	0	0	0	3	0	0	0	0	0	0	0	0	0	0	20	15	0	0	0	1	0	0
input/ontoserver/TRE/TRE_R203_StatutLieu.json	2128	2	0	0	0	0	0	0	0	2	0	0	0	0	0	0	0	0	0	0	17	15	0	0	0	0	0	0
input/ontoserver/TRE/TRE_R204_DirectionLongitude.json	1837	2	0	0	0	0	0	0	0	2	0	0	0	0	0	0	0	0	0	0	17	15	0	0	0	0	0	0
input/ontoserver/TRE/TRE_R205_DirectionLatitude.json	1831	2	1	0	0	0	0	0	0	2	0	0	0	0	0	0	0	0	0	0	16	14	0	0	0	1	0	0
input/ontoserver/TRE/TRE_R206_TypeContact.json	2119	2	0	0	0	0	0	0	0	3	0	0	0	0	0	0	0	0	0	0	16	14	0	0	0	0	0	0
input/ontoserver/TRE/TRE_R207_TypeOrganisationInterne.json	2286	1	0	0	0	0	0	0	0	2	0	0	0	0	0	0	0	0	0	0	18	14	0	0	0	0	0	0
input/ontoserver/TRE/TRE_R208_ClasseAge.json	3719	3	0	0	0	0	0	0	1	3	0	0	0	0	0	0	0	0	0	0	23	18	0	0	0	1	0	0
input/ontoserver/TRE/TRE_R209_TypeActivite.json	19417	3	0	0	0	0	0	0	9	5	0	0	0	0	0	0	0	0	0	0	85	26	0	0	0	1	0	0
input/ontoserver/TRE/TRE_R20_Pays.json	77648	9	0	0	0	0	0	0	4	16	0	0	0	0	0	0	0	0	0	0	479	57	0	0	0	6	0	1
input/ontoserver/TRE/TRE_R210_ActeSpecifique.json	541107	93	1	0	0	0	0	0	30	373	0	0	0	0	0	0	0	3	0	0	2335	529	0	0	0	52	0	3
input/ontoserver/TRE/TRE_R211_ActiviteOperationnelle.json	195318	12	0	0	0	0	0	0	10	85	0	0	0	0	0	0	0	1	0	0	903	145	0	0	0	22	0	2
input/ontoserver/TRE/TRE_R212_Equipement.json	58413	5	0	0	0	0	0	0	4	24	0	0	1	0	0	0	0	0	0	0	281	63	0	0	0	6	0	0
input/ontoserver/TRE/TRE_R213_ModePriseEnCharge.json	21038	3	0	0	0	0	0	0	1	10	0	0	0	0	0	0	0	1	0	0	100	28	0	0	0	1	0	0
input/ontoserver/TRE/TRE_R214_SpecialiteUnite.json	16896	3	0	0	0	0	0	0	1	10	0	0	0	0	0	0	0	0	0	0	81	26	0	0	0	2	0	0
input/ontoserver/TRE/TRE_R215_UniteTemps.json	3014	2	0	0	0	0	0	0	0	4	0	0	0	0	0	0	0	0	0	0	21	16	0	0	0	0	0	0
input/ontoserver/TRE/TRE_R216_HL7RoleCode.json	20837	3	0	0	0	0	0	0	1	10	0	0	0	0	0	0	0	0	0	0	103	28	0	0	0	2	0	1
input/ontoserver/TRE/TRE_R217_ProtectionJuridique.json	1831	2	1	0	0	0	0	0	1	4	0	0	0	0	0	0	0	0	0	0	16	15	0	0	0	0	0	0
input/ontoserver/TRE/TRE_R218_ModeAuthentification.json	1896	2	0	0	0	0	0	0	0	5	0	0	0	0	0	0	0	0	0	0	19	16	0	0	0	1	0	0
input/ontoserver/TRE/TRE_R219_AutreResponsableConsent.json	1457	2	0	0	0	0	0	0	0	3	0	0	0	0	0	0	0	0	0	0	15	15	0	0	0	0	0	0
input/ontoserver/TRE/TRE_R21_Fonction.json	17114	3	0	0	0	0	0	0	1	9	0	0	0	0	0	0	0	0	0	0	82	26	0	0	0	2	0	0
input/ontoserver/TRE/TRE_R220_ModeleDocumentCDAStructure.json	34661	3	0	0	0	0	0	0	2	14	0	0	0	0	0	0	0	0	0	0	164	34	0	0	0	2	0	0
input/ontoserver/TRE/TRE_R221_ModeleDocumentCDANonStructure.json	1691	2	0	0	0	0	0	0	0	4	0	0	0	0	0	0	0	0	0	0	15	16	0	0	0	1	0	0
input/ontoserver/TRE/TRE_R222_MediaTypeCorpsCDANonStructure.json	3163	2	0	0	0	0	0	0	0	4	0	0	0	0	0	0	0	0	0	0	21	16	0	0	0	0	0	0
input/ontoserver/TRE/TRE_R223_NatCycleForm.json	1852	2	0	0	0	0	0	0	0	3	0	0	0	0	0	0	0	0	0	0	18	15	0	0	0	0	0	0
input/ontoserver/TRE/TRE_R224_NiveauFormAcquis.json	6495	2	1	0	0	0	0	0	1	5	0	0	0	0	0	0	0	0	0	0	34	18	0	0	0	1	0	0
input/ontoserver/TRE/TRE_R225_AnneeUniversitaire.json	7603	2	0	0	0	0	0	0	0	4	0	0	0	0	0	0	0	0	0	0	38	19	0	0	0	0	0	0
input/ontoserver/TRE/TRE_R226_Dip2iemeCycleNQ.json	2273	2	0	0	0	0	0	0	0	2	0	0	0	0	0	0	0	0	0	0	16	17	0	0	0	1	0	0
input/ontoserver/TRE/TRE_R227_ChampActivite.json	2834	2	0	0	0	0	0	0	0	3	0	0	0	0	0	0	0	0	0	0	20	17	0	0	1	0	0	0
input/ontoserver/TRE/TRE_R228_UnitePrix.json	1969	2	0	0	0	0	0	0	1	2	0	0	0	0	0	0	0	0	0	0	16	15	0	0	0	0	0	0
input/ontoserver/TRE/TRE_R22_GenreActivite.json	8468	2	0	0	0	0	0	0	0	3	0	0	0	0	0	0	0	0	0	0	42	19	0	0	0	1	0	0
input/ontoserver/TRE/TRE_R230_Devise.json	1355	2	0	0	0	0	0	0	0	2	0	0	0	0	0	0	0	0	0	0	13	16	0	0	0	0	0	0
input/ontoserver/TRE/TRE_R231_PalierAuthentification.json	5498	2	0	0	0	0	0	0	0	3	0	0	0	0	0	0	0	0	0	0	32	17	0	0	0	0	0	0
input/ontoserver/TRE/TRE_R232_TypeFermetureEJ.json	2073	1	1	0	0	0	0	0	0	2	0	0	0	0	0	0	0	0	0	0	17	16	0	0	0	1	0	0
input/ontoserver/TRE/TRE_R233_TypeFermetureEG.json	2762	2	0	0	0	0	0	0	1	3	0	0	0	0	0	0	0	0	0	0	20	16	0	0	0	0	0	0
input/ontoserver/TRE/TRE_R234_TypeNote.json	2190	2	0	0	0	0	0	0	0	2	0	0	0	0	0	0	0	0	0	0	19	16	0	0	0	0	0	0
input/ontoserver/TRE/TRE_R236_ModeGestion.json	1578	2	0	0	0	0	0	0	0	2	0	0	0	0	0	0	0	0	0	0	15	14	0	0	0	1	0	0
input/ontoserver/TRE/TRE_R237_GroupeTarifaireDependance.json	1857	2	0	0	0	0	0	0	0	3	0	0	0	0	0	0	0	0	0	0	17	15	0	0	0	0	0	0
input/ontoserver/TRE/TRE_R238_OuvertureAnnuelle.json	3019	2	0	0	0	0	0	0	0	4	0	0	0	0	0	0	0	0	0	0	21	15	0	0	0	0	0	0
input/ontoserver/TRE/TRE_R239_PublicPrisEnCharge.json	4450	2	0	0	0	0	0	0	0	5	0	0	0	0	0	0	0	1	0	0	26	16	0	0	0	1	0	0
input/ontoserver/TRE/TRE_R23_ModeExercice.json	1977	1	1	0	0	0	0	0	1	3	0	0	0	0	0	0	0	0	0	0	17	16	0	0	0	0	0	1
input/ontoserver/TRE/TRE_R240_TemporaliteAccueil.json	1616	2	0	0	0	0	0	0	0	4	0	0	0	0	0	0	0	0	0	0	15	15	0	0	0	0	0	0
input/ontoserver/TRE/TRE_R241_AideFinanciere.json	2234	2	0	0	0	0	0	0	0	4	0	0	0	0	0	0	0	0	0	0	18	15	0	0	0	0	0	0
input/ontoserver/TRE/TRE_R242_TypeHabitation.json	2518	2	0	0	0	0	0	0	0	4	0	0	0	0	0	0	0	0	0	0	20	16	0	0	0	1	0	0
input/ontoserver/TRE/TRE_R243_CompetenceSpecifique.json	19411	3	0	0	0	0	0	0	1	9	0	0	0	0	0	0	0	0	0	0	92	32	0	0	0	1	0	0
input/ontoserver/TRE/TRE_R244_CategorieOrganisation.json	49871	5	0	0	0	0	0	0	3	18	0	0	0	0	0	0	0	0	0	0	216	48	0	0	0	4	0	0
input/ontoserver/TRE/TRE_R245_SpecialisationDePriseEnCharge.json	18040	2	0	0	0	0	0	0	1	10	0	0	0	0	0	0	0	0	0	0	95	27	0	0	0	2	0	0
input/ontoserver/TRE/TRE_R246_TypeTarif.json	2931	2	0	0	0	0	0	0	0	15	0	0	0	0	0	0	0	0	0	0	22	15	0	0	0	0	0	0
input/ontoserver/TRE/TRE_R248_ModeAcces.json	2166	2	1	0	0	0	0	0	1	4	0	0	0	0	0	0	0	0	0	0	17	15	0	0	0	1	0	0
input/ontoserver/TRE/TRE_R249_Sexe.json	2328	2	0	0	0	0	0	0	0	4	0	0	0	0	0	0	0	0	0	0	19	16	0	0	0	0	0	0
input/ontoserver/TRE/TRE_R24_TypeActiviteLiberale.json	2649	2	0	0	0	0	0	0	0	4	0	0	0	0	0	0	0	0	0	0	20	15	0	0	0	0	0	0
input/ontoserver/TRE/TRE_R250_ConditionTarifaire.json	1880	2	0	0	0	0	0	0	0	3	0	0	0	0	0	0	0	0	0	0	16	16	0	0	0	1	0	0
input/ontoserver/TRE/TRE_R251_FonctionContact.json	8234	2	0	0	0	0	0	0	0	6	0	0	0	0	0	0	0	0	0	0	45	19	0	0	0	0	0	0
input/ontoserver/TRE/TRE_R252_TypeHoraire.json	3590	2	0	0	0	0	0	0	1	5	0	0	0	0	0	0	0	0	0	0	23	17	0	0	0	1	0	0
input/ontoserver/TRE/TRE_R253_TypeMaternite.json	2489	2	0	0	0	0	0	0	0	4	0	0	0	0	0	0	0	0	0	0	19	15	0	0	0	0	0	0
input/ontoserver/TRE/TRE_R254_TypeEvenement.json	7530	2	1	0	0	0	0	0	0	5	0	0	0	0	0	0	0	0	0	0	41	18	0	0	0	1	0	1
input/ontoserver/TRE/TRE_R255_FluxStandardise.json	2222	1	0	0	0	0	0	0	0	4	0	0	0	0	0	0	0	0	0	0	18	15	0	0	0	0	0	0
input/ontoserver/TRE/TRE_R256_TypeMessagerie.json	3101	2	0	0	0	0	0	0	1	4	0	0	0	0	0	0	0	0	0	0	20	16	0	0	0	0	0	0
input/ontoserver/TRE/TRE_R257_TypeBAL.json	2553	2	1	0	0	0	0	0	0	4	0	0	0	0	0	0	0	0	0	0	18	17	0	0	0	1	0	0
input/ontoserver/TRE/TRE_R258_RelationPriseCharge.json	3112	2	0	0	0	0	0	0	0	4	0	0	0	0	0	0	0	0	0	0	24	16	0	0	0	0	0	0
input/ontoserver/TRE/TRE_R259_HL7ParticipationFunction.json	2282	2	0	0	0	0	0	0	0	3	0	0	0	0	0	0	0	0	0	0	21	16	0	0	0	0	0	0
input/ontoserver/TRE/TRE_R25_MotifFinActivite.json	3073	2	1	0	0	0	0	0	0	5	0	0	0	0	0	0	0	0	0	0	22	16	0	0	0	1	0	0
input/ontoserver/TRE/TRE_R260_HL7RoleClass.json	3499	2	0	0	0	0	0	0	0	4	0	0	0	0	0	0	0	0	0	0	25	17	0	0	0	0	0	0
input/ontoserver/TRE/TRE_R261_AutreSalarieStructureSante.json	2149	1	0	0	0	0	0	0	1	4	0	0	0	0	0	0	0	0	0	0	18	16	0	0	0	0	0	0
input/ontoserver/TRE/TRE_R262_CategorieSocioProfessionnelle.json	3288	2	0	0	0	0	0	0	0	4	0	0	0	0	0	0	0	0	0	0	23	16	0	0	0	1	0	0
input/ontoserver/TRE/TRE_R263_TypeNumeroIdentification.json	3116	2	0	0	0	0	0	0	0	5	0	0	0	0	0	0	0	0	0	0	22	18	0	0	0	0	0	0
input/ontoserver/TRE/TRE_R264_PrestationNonObligatoireIncluse.json	4099	2	0	0	0	0	0	0	0	4	0	0	0	0	0	0	0	0	0	0	27	16	0	0	0	0	0	0
input/ontoserver/TRE/TRE_R267_SexeProvenanceISO.json	2502	2	0	0	0	0	0	0	1	3	0	0	0	0	0	0	0	0	0	0	21	21	0	0	0	1	0	0
input/ontoserver/TRE/TRE_R268_PaysProvenanceISO.json	104156	9	1	0	0	0	0	0	6	33	0	0	0	0	0	0	0	1	0	0	401	84	0	0	0	11	0	1
input/ontoserver/TRE/TRE_R269_AvailabilityStatusProvenanceOasis.json	2061	2	0	0	0	0	0	0	0	4	0	0	0	0	0	0	0	0	0	0	20	17	0	0	0	1	0	0
input/ontoserver/TRE/TRE_R270_AvailabilityStatus.json	1970	2	0	0	0	0	0	0	1	4	0	0	0	0	0	0	0	0	0	0	21	24	0	0	0	0	0	0
input/ontoserver/TRE/TRE_R271_TypeRequete.json	2530	2	0	0	0	0	0	0	0	4	0	0	0	0	0	0	0	0	0	0	22	24	0	0	0	0	0	0
input/ontoserver/TRE/TRE_R272_EquipementMaterielLourd.json	3735	2	0	0	0	0	0	0	0	3	0	0	0	0	0	0	0	0	0	0	30	24	0	0	0	1	0	0
input/ontoserver/TRE/TRE_R274_ActiviteSanitaireRegulee.json	18811	3	0	0	0	0	0	0	1	6	0	0	0	0	0	0	0	0	0	0	93	26	0	0	0	2	0	0
input/ontoserver/TRE/TRE_R275_ModaliteActivite.json	46133	4	0	0	0	0	0	0	3	11	0	0	0	0	0	0	0	1	0	0	226	48	0	0	0	5	0	0
input/ontoserver/TRE/TRE_R276_FormeActivite.json	10368	3	0	0	0	0	0	0	0	6	0	0	0	0	0	0	0	0	0	0	57	22	0	0	0	1	0	0
input/ontoserver/TRE/TRE_R277_CategorieActiviteSanitaireRegulee.json	2230	1	1	0	0	0	0	0	1	4	0	0	0	0	0	0	0	0	0	0	18	15	0	0	0	0	0	0
input/ontoserver/TRE/TRE_R279_Clientele.json	45741	5	0	0	0	0	0	0	2	10	0	0	0	0	0	0	0	0	0	0	195	41	0	0	0	5	0	1
input/ontoserver/TRE/TRE_R280_DisciplineEquipementSocial.json	51714	5	0	0	0	0	0	0	4	11	0	0	0	0	0	0	0	0	0	0	220	43	0	0	0	6	0	0
input/ontoserver/TRE/TRE_R281_DisciplineEnseignement.json	20741	3	0	0	0	0	0	0	1	6	0	0	0	0	0	0	0	0	0	0	95	25	0	0	0	2	0	0
input/ontoserver/TRE/TRE_R282_CNAMAmeliSecteurConventionnement.json	2351	2	0	0	0	0	0	0	0	4	0	0	0	0	0	0	0	0	0	0	19	16	0	0	0	1	0	0
input/ontoserver/TRE/TRE_R283_NiveauConfidentialite.json	1866	2	0	0	0	0	0	0	0	3	0	0	0	0	0	0	0	0	0	0	16	16	0	0	0	0	0	0
input/ontoserver/TRE/TRE_R284_NiveauRecoursORSAN.json	2206	2	0	0	0	0	0	0	0	4	0	0	0	0	0	0	0	0	0	0	18	15	0	0	0	0	0	0
input/ontoserver/TRE/TRE_R285_TraitementDocument.json	1605	1	1	0	0	0	0	0	0	3	0	0	0	0	0	0	0	0	0	0	14	15	0	0	0	1	0	0
input/ontoserver/TRE/TRE_R286_TypeFermeture.json	2582	2	0	0	0	0	0	0	0	2	0	0	0	0	0	0	0	0	0	0	21	15	0	0	0	0	0	0
input/ontoserver/TRE/TRE_R287_NatureContact.json	4787	2	0	0	0	0	0	0	1	3	0	0	0	0	0	0	0	0	0	0	31	18	0	0	0	1	0	0
input/ontoserver/TRE/TRE_R288_TypeProfession.json	3192	2	0	0	0	0	0	0	0	3	0	0	1	0	0	0	0	0	0	0	22	22	0	0	0	0	0	0
input/ontoserver/TRE/TRE_R289_TypeFonction.json	3115	2	0	0	0	0	0	0	0	2	0	0	0	0	0	0	0	0	0	0	21	24	0	0	0	1	0	0
input/ontoserver/TRE/TRE_R290_RoleAdmTechSanitaireSocial.json	1687	2	0	0	0	0	0	0	0	2	0	0	0	0	0	0	0	0	0	0	15	16	0	0	0	0	0	0
input/ontoserver/TRE/TRE_R291_AutreProfession.json	2134	2	0	0	0	0	0	0	0	2	0	0	0	0	0	0	0	0	0	0	17	18	0	0	0	1	0	0
input/ontoserver/TRE/TRE_R292_INSEECategorieSocioProfessionnelleAgrNiv1.json	4028	2	1	0	0	0	0	0	1	3	0	0	0	0	0	0	0	0	0	0	28	17	0	0	0	0	0	0
input/ontoserver/TRE/TRE_R293_AgregatClienteleNiv2.json	3518	1	0	0	0	0	0	0	0	2	0	0	0	0	0	0	0	1	0	0	23	17	0	0	0	1	0	0
input/ontoserver/TRE/TRE_R294_AgregatClienteleNiv3.json	7119	3	0	0	0	0	0	0	0	4	0	0	0	0	0	0	0	0	0	0	40	28	0	0	0	0	0	1
input/ontoserver/TRE/TRE_R295_AgregatDisciplineEnseignNiv1.json	1520	1	0	0	0	0	0	0	0	2	0	0	0	0	0	0	0	0	0	0	15	15	0	0	0	1	0	0
input/ontoserver/TRE/TRE_R296_AgregatDisciplineEnseignNiv2.json	1673	2	0	0	0	0	0	0	0	2	0	0	0	0	0	0	0	0	0	0	14	22	0	0	0	0	0	0
input/ontoserver/TRE/TRE_R297_AgregatDisciplineEnseignNiv3.json	2592	2	0	0	0	0	0	0	1	2	0	0	0	0	0	0	0	0	0	0	20	23	0	0	0	0	0	0
input/ontoserver/TRE/TRE_R298_AgregatDisciplineEquipSocNiv1.json	1687	2	0	0	0	0	0	0	0	2	0	0	0	0	0	0	0	0	0	0	15	21	0	0	0	1	0	0
input/ontoserver/TRE/TRE_R299_AgregatDisciplineEquipSocNiv2.json	3049	2	1	0	0	0	0	0	0	3	0	0	0	0	0	0	0	0	0	0	21	24	0	0	0	0	0	0
input/ontoserver/TRE/TRE_R300_AgregatDisciplineEquipSocNiv3.json	9378	2	0	0	0	0	0	0	0	3	0	0	0	0	0	0	0	0	0	0	47	31	0	0	0	1	0	0
input/ontoserver/TRE/TRE_R301_SourceInformationInstallation.json	3378	2	0	0	0	0	0	0	1	3	0	0	0	0	0	0	0	0	0	0	24	25	0	0	0	1	0	0
input/ontoserver/TRE/TRE_R302_ContexteCodeComplementaire.json	2582	2	0	0	0	0	0	0	0	2	0	0	0	0	0	0	0	0	0	0	23	25	0	0	0	0	0	0
input/ontoserver/TRE/TRE_R303_HL7v3AdministrativeGender.json	2274	1	0	0	0	0	0	0	0	4	0	0	0	0	0	0	0	0	0	0	19	25	0	0	0	0	0	0
input/ontoserver/TRE/TRE_R304_HL7v3ActCode.json	2677	2	0	0	0	0	0	0	0	4	0	0	0	0	0	0	0	0	0	0	19	25	0	0	0	1	0	0
input/ontoserver/TRE/TRE_R305_TypeRencontre.json	1681	2	0	0	0	0	0	0	0	4	0	0	0	0	0	0	0	0	0	0	16	22	0	0	0	0	0	0
input/ontoserver/TRE/TRE_R308_TAASIP.json	120543	10	1	0	0	0	0	0	15	59	0	0	0	0	0	0	0	1	0	0	890	275	0	0	0	26	0	0
input/ontoserver/TRE/TRE_R309_FMA.json	2718	2	0	0	0	0	0	0	0	3	0	0	0	0	0	0	0	0	0	0	20	17	0	0	0	1	0	1
input/ontoserver/TRE/TRE_R30_RegionOM.json	13619	3	0	0	0	0	0	0	1	4	0	0	0	0	0	0	0	0	0	0	71	22	0	0	0	1	0	0
input/ontoserver/TRE/TRE_R312_LPP.json	1433	2	0	0	0	0	0	0	0	2	0	0	0	0	0	0	0	0	0	0	13	15	0	0	0	2	0	0
input/ontoserver/TRE/TRE_R314_TypeCreneau.json	3923	2	0	0	0	0	0	0	0	3	0	0	0	0	0	0	0	0	0	0	23	14	0	0	0	0	0	0
input/ontoserver/TRE/TRE_R316_AutreCategorieEtablissement.json	2131	1	0	0	0	0	0	0	0	3	0	0	0	0	0	0	0	0	0	0	17	19	0	0	0	1	0	0
input/ontoserver/TRE/TRE_R317_SituationVieQuotidienne.json	2314	2	1	0	0	0	0	0	0	3	0	0	0	0	0	0	0	0	0	0	19	23	0	0	0	0	0	0
input/ontoserver/TRE/TRE_R318_BesoinAideMobilite.json	3376	2	0	0	0	0	0	0	1	2	0	0	0	0	0	0	0	0	0	0	22	23	0	0	0	0	0	0
input/ontoserver/TRE/TRE_R319_BesoinAideVieSociale.json	3328	2	0	0	0	0	0	0	0	3	0	0	0	0	0	0	0	0	0	0	22	23	0	0	0	1	0	0
input/ontoserver/TRE/TRE_R31_StatutEtatCivil.json	3885	2	0	0	0	0	0	0	0	3	0	0	0	0	0	0	0	0	0	0	25	17	0	0	0	0	0	0
input/ontoserver/TRE/TRE_R320_BesoinCommunication.json	2316	2	0	0	0	0	0	0	0	15	0	0	0	0	0	0	0	0	0	0	18	15	0	0	0	0	0	0
input/ontoserver/TRE/TRE_R321_BesoinEntretienPersonnel.json	2449	2	0	0	0	0	0	0	0	4	0	0	0	0	0	0	0	0	0	0	18	14	0	0	0	0	0	0
input/ontoserver/TRE/TRE_R322_BesoinMobilite.json	2732	1	0	0	1	0	0	0	0	4	0	0	0	0	0	0	0	0	0	0	19	22	0	0	0	0	0	0
input/ontoserver/TRE/TRE_R323_BesoinScolarite.json	3289	2	1	0	0	0	0	0	1	4	0	0	0	0	0	0	0	0	0	0	24	24	0	0	0	0	0	0
input/ontoserver/TRE/TRE_R324_BesoinSoutienProjetProfessionnel.json	3372	2	0	0	0	0	0	0	0	4	0	0	0	0	0	0	0	0	0	0	22	23	0	0	0	1	0	0
input/ontoserver/TRE/TRE_R325_SituationProfessionnelle.json	1785	2	0	0	0	0	0	0	0	3	0	0	0	0	0	0	0	0	0	0	16	15	0	0	0	0	0	0
input/ontoserver/TRE/TRE_R326_SituationSansEmploi.json	2045	2	0	0	0	0	0	0	0	4	0	0	0	0	0	0	0	0	0	0	18	16	0	0	0	0	0	0
input/ontoserver/TRE/TRE_R327_TypeDecision.json	3485	2	0	0	0	0	0	0	0	4	0	0	0	0	0	0	0	0	0	0	23	15	0	0	0	0	0	0
input/ontoserver/TRE/TRE_R328_TypeScolarisation.json	2051	1	0	0	0	0	0	0	0	3	0	0	0	0	0	0	0	0	0	0	17	53	0	0	0	1	0	0
input/ontoserver/TRE/TRE_R329_NatureCapacite.json	1642	2	0	0	0	0	0	0	0	4	0	0	0	0	0	0	0	0	0	0	15	17	0	0	0	0	0	0
input/ontoserver/TRE/TRE_R32_StatutHospitalier.json	10468	3	1	0	0	0	0	0	1	5	0	0	0	0	0	0	0	0	0	0	47	19	0	0	0	1	0	0
input/ontoserver/TRE/TRE_R330_TypeStatutCapacite.json	2433	1	0	0	0	0	0	0	0	4	0	0	0	0	0	0	0	0	0	0	19	21	0	0	0	0	0	0
input/ontoserver/TRE/TRE_R331_TemporaliteCapacite.json	2530	2	0	0	0	0	0	0	0	3	0	0	0	0	0	0	0	0	0	0	18	21	0	0	0	0	0	0
input/ontoserver/TRE/TRE_R332_GenreCapacite.json	2072	2	0	0	0	0	0	0	0	4	0	0	0	0	0	0	0	0	0	0	21	16	0	0	0	1	0	0
input/ontoserver/TRE/TRE_R333_TypeFermetureCapacite.json	2031	2	0	0	0	0	0	0	0	3	0	0	0	0	0	0	0	0	0	0	17	15	0	0	0	0	0	0
input/ontoserver/TRE/TRE_R334_TypeLitSupplementaire.json	2334	2	0	0	0	0	0	0	1	3	0	0	0	0	0	0	0	0	0	0	17	15	0	0	0	0	0	0
input/ontoserver/TRE/TRE_R335_TypeSourceCapacite.json	2353	2	0	0	0	0	0	0	0	4	0	0	0	0	0	0	0	0	0	0	18	16	0	0	0	0	0	0
input/ontoserver/TRE/TRE_R336_TypeCrise.json	1830	1	1	0	0	0	0	0	0	3	0	0	0	0	0	0	0	0	0	0	15	15	0	0	0	1	0	0
input/ontoserver/TRE/TRE_R337_AffectationTemporaire.json	2053	2	0	0	0	0	0	0	0	4	0	0	0	0	0	0	0	0	0	0	16	16	0	0	0	0	0	0
input/ontoserver/TRE/TRE_R338_ModaliteAccueil.json	4461	2	0	0	0	0	0	0	0	4	0	0	0	0	0	0	0	0	0	0	28	19	0	0	0	0	0	0
input/ontoserver/TRE/TRE_R33_StatutInscription.json	2116	2	0	0	0	0	0	0	0	3	0	0	0	0	0	0	0	0	0	0	18	17	0	0	0	1	0	0
input/ontoserver/TRE/TRE_R340_TypeCaracteristiqueEquipement.json	2085	2	0	0	0	0	0	0	1	4	0	0	0	0	0	0	0	0	0	0	16	15	0	0	0	0	0	0
input/ontoserver/TRE/TRE_R341_StatutCommunication.json	1554	2	0	0	0	0	0	0	0	3	0	0	0	0	0	0	0	0	0	0	14	24	0	0	0	0	0	0
input/ontoserver/TRE/TRE_R342_XdsTypesIdentifiantsReferenceId.json	4531	1	0	0	0	0	0	0	0	4	0	0	0	0	0	0	0	0	0	0	27	24	0	0	0	0	0	0
input/ontoserver/TRE/TRE_R343_FonctionLieu.json	1413	2	1	0	0	0	0	0	0	3	0	0	0	0	0	0	0	0	0	0	14	23	0	0	0	1	0	0
input/ontoserver/TRE/TRE_R344_NiveauExpertise.json	12974	3	0	0	0	1	0	0	1	6	0	0	0	0	0	0	0	0	0	0	57	32	0	0	0	0	0	0
input/ontoserver/TRE/TRE_R345_TypeIdentifiantAutre.json	2086	1	0	0	0	0	0	0	0	4	0	0	0	0	0	0	0	0	0	0	18	22	0	0	0	1	0	0
input/ontoserver/TRE/TRE_R348_FormationSpecialiseeTransversale.json	9949	3	0	0	0	0	0	0	0	5	0	0	0	0	0	0	0	0	0	0	50	30	0	0	0	1	0	1
input/ontoserver/TRE/TRE_R349_ActionAnomalie.json	1826	2	0	0	0	0	0	0	0	4	0	0	0	0	0	0	0	0	0	0	16	22	0	0	0	0	0	0
input/ontoserver/TRE/TRE_R34_StatutProfessionnelSSA.json	2092	1	0	0	0	0	0	0	1	3	0	0	0	0	0	0	0	0	0	0	18	23	0	0	0	0	0	0
input/ontoserver/TRE/TRE_R350_ThematiqueAnomalie.json	2426	2	0	0	0	0	0	0	0	3	0	0	0	0	0	0	0	0	0	0	19	23	0	0	0	0	0	0
input/ontoserver/TRE/TRE_R352_StatutMetierAnomalie.json	3492	2	1	0	0	0	0	0	0	2	0	0	0	0	0	0	0	0	0	0	24	25	0	0	0	1	0	0
input/ontoserver/TRE/TRE_R354_TypeIdentifiantRessourceOperationnelle.json	2448	2	0	0	0	0	0	0	0	2	0	0	0	0	0	0	0	0	0	0	18	24	0	0	0	0	0	0
input/ontoserver/TRE/TRE_R355_TypeIdentifiantOffre.json	2088	2	0	0	0	0	0	0	0	3	0	0	0	0	0	0	0	0	0	0	17	23	0	0	0	0	0	0
input/ontoserver/TRE/TRE_R356_ProfessionRessource.json	22704	3	0	0	0	0	0	0	2	6	0	0	1	0	0	0	0	1	0	0	119	43	0	0	0	2	0	0
input/ontoserver/TRE/TRE_R357_StatutPersonnePriseCharge.json	8550	2	0	0	0	0	0	0	0	3	0	0	0	0	0	0	0	0	0	0	46	20	0	0	0	1	0	0
input/ontoserver/TRE/TRE_R358_MotifStatutPersonnePriseCharge.json	18283	3	0	0	0	0	0	0	1	5	0	0	0	0	0	0	0	0	0	0	85	24	0	0	0	1	0	0
input/ontoserver/TRE/TRE_R359_SurspecialiteTransversale.json	9395	2	1	0	0	0	0	0	1	3	0	0	0	0	0	0	0	0	0	0	48	18	0	0	0	1	0	0
input/ontoserver/TRE/TRE_R35_TypeVoie.json	48916	6	0	0	0	0	0	0	3	11	0	0	0	0	0	0	0	0	0	0	231	50	0	0	0	4	0	1
input/ontoserver/TRE/TRE_R36_AutreDiplomeObtenu.json	34031	3	0	0	0	0	0	0	2	7	0	0	0	0	0	0	0	0	0	0	144	34	0	0	0	2	0	0
input/ontoserver/TRE/TRE_R37_TypeProfessionFonction.json	5075	2	0	0	0	0	0	0	1	3	0	0	0	0	0	0	0	0	0	0	30	26	0	0	0	1	0	0
input/ontoserver/TRE/TRE_R38_SpecialiteOrdinale.json	46005	5	0	0	0	0	0	0	2	9	0	0	0	0	0	0	0	1	0	0	190	45	0	0	0	3	0	0
input/ontoserver/TRE/TRE_R39_Competence.json	15754	3	0	0	0	0	0	0	1	4	0	0	0	0	0	0	0	0	0	0	70	23	0	0	0	1	0	0
input/ontoserver/TRE/TRE_R40_CompetenceExclusive.json	2625	2	0	0	0	0	0	0	0	2	0	0	0	0	0	0	0	0	0	0	19	16	0	0	0	0	0	0
input/ontoserver/TRE/TRE_R42_DESCnonQualifiant.json	15934	2	1	0	0	0	0	0	1	4	0	0	0	0	0	0	0	0	0	0	71	22	0	0	0	1	0	0
input/ontoserver/TRE/TRE_R43_CapaciteSavoirFaire.json	6942	2	0	0	0	0	0	0	1	3	0	0	0	0	0	0	0	0	0	0	37	20	0	0	0	1	0	0
input/ontoserver/TRE/TRE_R44_QualificationPAC.json	1600	2	0	0	0	0	0	0	0	2	0	0	0	0	0	0	0	0	0	0	15	20	0	0	0	0	0	1
input/ontoserver/TRE/TRE_R45_FonctionQualifiee.json	3169	2	0	0	0	0	0	0	0	2	0	0	0	0	0	0	0	0	0	0	24	16	0	0	0	1	0	0
input/ontoserver/TRE/TRE_R46_SpecialiteConcoursHospitalier.json	26290	4	0	0	0	0	0	0	2	6	0	0	0	0	0	0	0	0	0	0	114	46	0	0	0	1	0	0
input/ontoserver/TRE/TRE_R48_DiplomeEtatFrancais.json	12894	2	0	0	0	0	0	0	0	4	0	0	0	0	0	0	0	0	0	0	66	34	0	0	0	1	0	0
input/ontoserver/TRE/TRE_R49_DiplomeEtudeSpecialisee.json	46921	4	0	0	0	0	0	0	12	9	0	0	0	0	0	0	0	0	0	0	198	58	0	0	0	4	0	0
input/ontoserver/TRE/TRE_R50_DESCGroupe1Diplome.json	13589	3	1	0	0	0	0	0	1	4	0	0	0	0	0	0	0	0	0	0	67	33	0	0	0	1	0	0
input/ontoserver/TRE/TRE_R51_DESCGroupe2Diplome.json	5239	2	0	0	0	0	0	0	0	3	0	0	0	0	0	0	0	0	0	0	31	21	0	0	0	0	0	0
input/ontoserver/TRE/TRE_R52_CapaciteDiplome.json	5298	2	0	0	0	0	0	0	1	2	0	0	0	0	0	0	0	0	0	0	32	18	0	0	0	1	0	0
input/ontoserver/TRE/TRE_R53_DiplomePaysEEE.json	4289	2	0	0	0	0	0	0	0	3	0	0	0	0	0	0	0	0	0	0	25	17	0	0	0	0	0	0
input/ontoserver/TRE/TRE_R54_DiplomeUniversiteInterUniversitaire.json	67496	6	0	0	0	0	0	0	4	12	0	0	0	0	0	0	0	1	0	0	294	52	0	0	0	6	0	1
input/ontoserver/TRE/TRE_R55_CertificatEtudeSpeciale.json	15236	3	0	0	0	0	0	0	1	4	0	0	0	0	0	0	0	0	0	0	75	25	0	0	0	1	0	0
input/ontoserver/TRE/TRE_R56_Attestation.json	8255	2	1	0	0	0	0	0	0	3	0	0	0	0	0	0	0	0	0	0	40	18	0	0	0	1	0	0
input/ontoserver/TRE/TRE_R57_DiplomeEuropeenEtudeSpecialisee.json	24086	3	0	0	0	0	0	0	2	5	0	0	0	0	0	0	0	0	0	0	119	29	0	0	0	2	0	0
input/ontoserver/TRE/TRE_R58_AutreTypeDiplome.json	46700	4	0	0	0	0	0	0	7	10	0	0	0	0	0	0	0	0	0	0	190	35	0	0	0	3	0	1
input/ontoserver/TRE/TRE_R60_AutoriteEnregistrement.json	16705	3	0	0	0	0	0	0	1	5	0	0	0	0	0	0	0	0	0	0	80	24	0	0	0	1	0	0
input/ontoserver/TRE/TRE_R62_Domaine.json	2316	2	0	0	0	0	0	0	0	3	0	0	0	0	0	0	0	0	0	0	19	16	0	0	0	0	0	0
input/ontoserver/TRE/TRE_R63_AgregatCategorieEtablissementNiv1.json	4575	2	0	0	0	0	0	0	0	4	0	0	0	0	0	0	0	0	0	0	27	16	0	0	0	1	0	0
input/ontoserver/TRE/TRE_R64_AgregatCategorieEtablissementNiv2.json	9157	2	0	0	0	0	0	0	1	3	0	0	0	0	0	0	0	0	0	0	45	18	0	0	0	1	0	0
input/ontoserver/TRE/TRE_R65_AgregatCategorieEtablissement.json	34661	4	1	0	0	0	0	0	2	7	0	0	0	0	0	0	0	1	0	0	147	31	0	0	0	2	0	0
input/ontoserver/TRE/TRE_R66_CategorieEtablissement.json	131751	10	0	0	0	0	0	0	8	23	0	0	0	0	0	0	0	0	0	0	529	94	0	0	0	11	0	1
input/ontoserver/TRE/TRE_R67_TypeStructure_EJ_EG.json	1644	2	0	0	0	0	0	0	0	3	0	0	0	0	0	0	0	0	0	0	15	30	0	0	0	1	0	0
input/ontoserver/TRE/TRE_R73_ESPIC.json	3707	2	0	0	0	0	0	0	0	2	0	0	0	0	0	0	0	0	0	0	24	17	0	0	0	0	0	0
input/ontoserver/TRE/TRE_R74_ModeFixationTarifaire.json	21943	3	0	0	0	0	0	0	2	5	0	0	0	0	0	0	0	1	0	0	95	30	0	0	0	1	0	0
input/ontoserver/TRE/TRE_R75_InseeNAFrev2Niveau5.json	193176	14	0	0	0	0	0	0	11	58	0	0	1	0	0	0	0	1	0	0	1069	139	0	0	0	19	0	2
input/ontoserver/TRE/TRE_R78_ProfilAccesReferentiel.json	8081	2	1	0	0	0	0	0	0	4	0	0	0	0	0	0	0	0	0	0	45	18	0	0	1	1	0	0
input/ontoserver/TRE/TRE_R81_Civilite.json	1820	2	0	0	0	0	0	0	0	2	0	0	0	0	0	0	0	0	0	0	15	14	0	0	0	0	0	0
input/ontoserver/TRE/TRE_R82_Ordre.json	2643	2	0	0	0	0	0	0	0	3	0	0	0	0	0	0	0	0	0	0	21	13	0	0	0	0	0	0
input/ontoserver/TRE/TRE_R84_ProfilAccesAnnuaire_MSSante.json	1499	1	0	0	0	0	0	0	1	2	0	0	0	0	0	0	0	0	0	0	14	13	0	0	0	1	0	0
input/ontoserver/TRE/TRE_R85_RolePriseCharge.json	16940	3	0	0	0	0	0	0	0	7	0	0	0	0	0	0	0	0	0	0	85	20	0	0	0	1	0	0
input/ontoserver/TRE/TRE_R86_ProfilVIHF.json	2135	2	0	0	0	0	0	0	0	3	0	0	0	0	0	0	0	0	0	0	18	13	0	0	0	0	0	0
input/ontoserver/TRE/TRE_R87_TypeCarte.json	2112	2	1	0	0	0	0	0	1	3	0	0	0	0	0	0	0	0	0	0	17	13	0	0	0	0	0	0
input/ontoserver/TRE/TRE_R88_TerritoireSante.json	28316	4	0	0	0	0	0	0	2	7	0	0	0	0	0	0	0	0	0	0	149	31	0	0	0	3	0	0
input/ontoserver/TRE/TRE_R89_RegroupementPays.json	1837	1	0	0	0	0	0	0	0	2	0	0	0	0	0	0	0	0	0	0	18	13	0	0	0	0	0	0
input/ontoserver/TRE/TRE_R90_TypeAE.json	1756	2	0	0	0	0	0	0	0	2	0	0	0	0	0	0	0	0	0	0	16	13	0	0	0	1	0	0
input/ontoserver/TRE/TRE_R94_ProfessionSocial.json	8911	2	0	0	0	0	0	0	0	3	0	0	0	0	0	0	0	0	0	0	46	17	0	0	0	0	0	0
input/ontoserver/TRE/TRE_R95_UsagerTitre.json	3547	2	0	0	0	0	0	0	1	3	0	0	0	0	0	0	0	0	0	0	26	16	0	0	0	1	0	0
input/ontoserver/TRE/TRE_R96_AutreFonctionSanitaire.json	4076	2	1	0	0	0	0	0	0	2	0	0	0	0	0	0	0	0	0	0	27	15	0	0	0	0	0	0
input/ontoserver/TRE/TRE_R97_DroitExerciceCompl.json	9882	3	0	0	0	0	0	0	1	6	0	0	0	0	0	0	0	0	0	0	47	23	0	0	0	1	0	1
