<?xml version="1.0" encoding="UTF-8"?>
<RetrieveValueSetResponse xmlns="urn:ihe:iti:svs:2008"
                          xmlns:f="http://hl7.org/fhir"
                          xmlns:xsi="http://www.w3.org/2001/XMLSchema-instance">
   <ValueSet displayName=""
             id=""
             version=""
             dateFin=""
             dateMaj=""
             dateValid=""
             description=""
             typeFichier="TRE"
             urlFichier="">
      <ConceptList>
         <concept code="01"
                  codeSystem=""
                  dateFin=""
                  dateMaj=""
                  dateValid=""
                  displayName="Complétude"
                  longDesignation="Complétude"
                  shortDesignation=""/>
         <concept code="02"
                  codeSystem=""
                  dateFin=""
                  dateMaj=""
                  dateValid=""
                  displayName="Exhaustivité"
                  longDesignation="Exhaustivité"
                  shortDesignation=""/>
         <concept code="03"
                  codeSystem=""
                  dateFin=""
                  dateMaj=""
                  dateValid=""
                  displayName="Cohérence"
                  longDesignation="Cohérence"
                  shortDesignation=""/>
         <concept code="04"
                  codeSystem=""
                  dateFin=""
                  dateMaj=""
                  dateValid=""
                  displayName="Récence"
                  longDesignation="Récence"
                  shortDesignation=""/>
         <concept code="05"
                  codeSystem=""
                  dateFin=""
                  dateMaj=""
                  dateValid=""
                  displayName="Structuration"
                  longDesignation="Structuration"
                  shortDesignation=""/>
         <concept code="06"
                  codeSystem=""
                  dateFin=""
                  dateMaj=""
                  dateValid=""
                  displayName="Exactitude"
                  longDesignation="Exactitude"
                  shortDesignation=""/>
      </ConceptList>
   </ValueSet>
</RetrieveValueSetResponse>
