<?xml version="1.0" encoding="UTF-8"?>

<CodeSystem xmlns="http://hl7.org/fhir">
  <id value="ba5ffabb-691e-400a-8fdf-dcdf79bccaf6"/>
  <meta>
    <versionId value="1"/>
    <lastUpdated value="2022-09-08T16:10:42.248+00:00"/>
  </meta>
  <text>
    <status value="generated"/><div xmlns="http://www.w3.org/1999/xhtml">Placeholder</div>
  </text>
  <extension url="http://hl7.org/fhir/StructureDefinition/resource-effectivePeriod">
    <valuePeriod>
      <start value="2016-09-01T00:00:00+02:00"/>
    </valuePeriod>
  </extension>
  <url value="https://mos.esante.gouv.fr/NOS/TRE_A03-ClasseDocument"/>
  <identifier>
    <value value="urn:oid:1.2.250.1.213.1.1.4.1"/>
  </identifier>
  <version value="1.1.0"/>
  <name value="TRE_A03-ClasseDocument"/>
  <status value="active"/>
  <date value="2016-09-01T00:00:00+02:00"/>
  <publisher value="ANS"/>
  <contact>
    <name value="ANS"/>
    <telecom>
      <system value="url"/>
      <value value="https://esante.gouv.fr"/>
    </telecom>
  </contact>
  <description value="Classe de document"/>
  <content value="complete"/>
  <property>
    <code value="dateValid"/>
    <description value="date de validité d'un code concept"/>
    <type value="dateTime"/>
  </property>
  <property>
    <code value="dateMaj"/>
    <description value="date de mise à jours d'un code concept"/>
    <type value="dateTime"/>
  </property>
  <property>
    <code value="dateFin"/>
    <description value="date de fin d'un code concept"/>
    <type value="dateTime"/>
  </property>
  <concept>
    <code value="11"/>
    <display value="Synthèse"/>
    <designation>
      <use>
        <code value="LibelleCourt"/>
      </use>
      <value value="Synthèse"/>
    </designation>
    <designation>
      <use>
        <system value="http://data.esante.gouv.fr/nos/1.2.250.1.213.1.1.4.1"/>
        <code value="LibelleAdapte"/>
      </use>
      <value value="Synthèse"/>
    </designation>
    <property>
      <code value="dateValid"/>
      <valueDateTime value="2016-09-01T00:00:00+02:00"/>
    </property>
    <property>
      <code value="dateMaj"/>
      <valueDateTime value="2016-09-01T00:00:00+02:00"/>
    </property>
  </concept>
  <concept>
    <code value="10"/>
    <display value="Compte rendu"/>
    <designation>
      <use>
        <code value="LibelleAdapte"/>
      </use>
      <value value="Compte rendu"/>
    </designation>
    <designation>
      <use>
        <code value="LibelleCourt"/>
      </use>
      <value value="Compte rendu"/>
    </designation>
    <property>
      <code value="dateMaj"/>
      <valueDateTime value="2016-09-01T00:00:00+02:00"/>
    </property>
    <property>
      <code value="dateValid"/>
      <valueDateTime value="2016-09-01T00:00:00+02:00"/>
    </property>
  </concept>
  <concept>
    <code value="95"/>
    <display value="Document de gestion"/>
    <designation>
      <use>
        <code value="LibelleCourt"/>
      </use>
      <value value="Document de gestion"/>
    </designation>
    <designation>
      <use>
        <code value="LibelleAdapte"/>
      </use>
      <value value="Document de gestion"/>
    </designation>
    <property>
      <code value="dateMaj"/>
      <valueDateTime value="2019-05-29T12:00:00+02:00"/>
    </property>
    <property>
      <code value="dateFin"/>
      <valueDateTime value="2019-05-29T12:00:00+02:00"/>
    </property>
    <property>
      <code value="dateValid"/>
      <valueDateTime value="2016-09-01T00:00:00+02:00"/>
    </property>
  </concept>
  <concept>
    <code value="52"/>
    <display value="Certificat, déclaration"/>
    <designation>
      <use>
        <system value="http://data.esante.gouv.fr/nos/1.2.250.1.213.1.1.4.1"/>
        <code value="LibelleAdapte"/>
      </use>
      <value value="Certificat, déclaration"/>
    </designation>
    <designation>
      <use>
        <system value="http://data.esante.gouv.fr/nos/1.2.250.1.213.1.1.4.1"/>
        <code value="LibelleCourt"/>
      </use>
      <value value="Certificat, déclaration"/>
    </designation>
    <property>
      <code value="dateMaj"/>
      <valueDateTime value="2016-09-01T00:00:00+02:00"/>
    </property>
    <property>
      <code value="dateValid"/>
      <valueDateTime value="2016-09-01T00:00:00+02:00"/>
    </property>
  </concept>
  <concept>
    <code value="44"/>
    <display value="Plan de soins, protocole de soins"/>
    <designation>
      <use>
        <system value="http://data.esante.gouv.fr/nos/1.2.250.1.213.1.1.4.1"/>
        <code value="LibelleCourt"/>
      </use>
      <value value="Plan, protocole de soins"/>
    </designation>
    <designation>
      <use>
        <system value="http://data.esante.gouv.fr/nos/1.2.250.1.213.1.1.4.1"/>
        <code value="LibelleAdapte"/>
      </use>
      <value value="Plan de soins, protocole de soins"/>
    </designation>
    <property>
      <code value="dateMaj"/>
      <valueDateTime value="2016-09-01T00:00:00+02:00"/>
    </property>
    <property>
      <code value="dateValid"/>
      <valueDateTime value="2016-09-01T00:00:00+02:00"/>
    </property>
  </concept>
  <concept>
    <code value="45"/>
    <display value="Traitement administré"/>
    <designation>
      <use>
        <system value="http://data.esante.gouv.fr/nos/1.2.250.1.213.1.1.4.1"/>
        <code value="LibelleAdapte"/>
      </use>
      <value value="Traitement administré"/>
    </designation>
    <designation>
      <use>
        <system value="http://data.esante.gouv.fr/nos/1.2.250.1.213.1.1.4.1"/>
        <code value="LibelleCourt"/>
      </use>
      <value value="Traitement administré"/>
    </designation>
    <property>
      <code value="dateValid"/>
      <valueDateTime value="2017-10-13T12:00:00+02:00"/>
    </property>
    <property>
      <code value="dateMaj"/>
      <valueDateTime value="2017-10-13T12:00:00+02:00"/>
    </property>
  </concept>
  <concept>
    <code value="90"/>
    <display value="Autres documents déposés par le patient"/>
    <designation>
      <use>
        <system value="http://data.esante.gouv.fr/nos/1.2.250.1.213.1.1.4.1"/>
        <code value="LibelleAdapte"/>
      </use>
      <value value="Autres documents déposés par le patient"/>
    </designation>
    <designation>
      <use>
        <system value="http://data.esante.gouv.fr/nos/1.2.250.1.213.1.1.4.1"/>
        <code value="LibelleCourt"/>
      </use>
      <value value="Autres doc déposés par patient"/>
    </designation>
    <property>
      <code value="dateMaj"/>
      <valueDateTime value="2020-12-17T12:00:00+01:00"/>
    </property>
    <property>
      <code value="dateValid"/>
      <valueDateTime value="2016-09-01T00:00:00+02:00"/>
    </property>
  </concept>
  <concept>
    <code value="42"/>
    <display value="Prescription"/>
    <designation>
      <use>
        <code value="LibelleAdapte"/>
      </use>
      <value value="Prescription"/>
    </designation>
    <designation>
      <use>
        <system value="http://data.esante.gouv.fr/nos/1.2.250.1.213.1.1.4.1"/>
        <code value="LibelleCourt"/>
      </use>
      <value value="Prescription"/>
    </designation>
    <property>
      <code value="dateValid"/>
      <valueDateTime value="2016-09-01T00:00:00+02:00"/>
    </property>
    <property>
      <code value="dateMaj"/>
      <valueDateTime value="2017-10-13T12:00:00+02:00"/>
    </property>
  </concept>
  <concept>
    <code value="31"/>
    <display value="Imagerie médicale"/>
    <designation>
      <use>
        <code value="LibelleAdapte"/>
      </use>
      <value value="Imagerie médicale"/>
    </designation>
    <designation>
      <use>
        <code value="LibelleCourt"/>
      </use>
      <value value="Imagerie médicale"/>
    </designation>
    <property>
      <code value="dateMaj"/>
      <valueDateTime value="2016-09-01T00:00:00+02:00"/>
    </property>
    <property>
      <code value="dateValid"/>
      <valueDateTime value="2016-09-01T00:00:00+02:00"/>
    </property>
  </concept>
  <concept>
    <code value="43"/>
    <display value="Dispensation"/>
    <designation>
      <use>
        <code value="LibelleAdapte"/>
      </use>
      <value value="Dispensation"/>
    </designation>
    <designation>
      <use>
        <system value="http://data.esante.gouv.fr/nos/1.2.250.1.213.1.1.4.1"/>
        <code value="LibelleCourt"/>
      </use>
      <value value="Dispensation"/>
    </designation>
    <property>
      <code value="dateMaj"/>
      <valueDateTime value="2016-09-01T00:00:00+02:00"/>
    </property>
    <property>
      <code value="dateValid"/>
      <valueDateTime value="2016-09-01T00:00:00+02:00"/>
    </property>
  </concept>
  <concept>
    <code value="60"/>
    <display value="Données de remboursement"/>
    <designation>
      <use>
        <system value="http://data.esante.gouv.fr/nos/1.2.250.1.213.1.1.4.1"/>
        <code value="LibelleAdapte"/>
      </use>
      <value value="Données de remboursement"/>
    </designation>
    <designation>
      <use>
        <system value="http://data.esante.gouv.fr/nos/1.2.250.1.213.1.1.4.1"/>
        <code value="LibelleCourt"/>
      </use>
      <value value="Données de remboursement"/>
    </designation>
    <property>
      <code value="dateValid"/>
      <valueDateTime value="2016-09-01T00:00:00+02:00"/>
    </property>
    <property>
      <code value="dateMaj"/>
      <valueDateTime value="2016-09-01T00:00:00+02:00"/>
    </property>
  </concept>
</CodeSystem>