<?xml version="1.0" encoding="UTF-8"?>

<CodeSystem xmlns="http://hl7.org/fhir">
  <id value="TRE-R326-SituationSansEmploi"/>
  <meta>
    <versionId value="1"/>
    <lastUpdated value="2023-07-18T12:54:14.769+00:00"/>
    <profile value="http://hl7.org/fhir/StructureDefinition/shareablecodesystem"/>
  </meta>
  <text>
    <status value="generated"/><div xmlns="http://www.w3.org/1999/xhtml">Placeholder</div>
  </text>
  <extension url="http://hl7.org/fhir/StructureDefinition/resource-effectivePeriod">
    <valuePeriod>
      <start value="2021-09-24T12:00:00+01:00"/>
    </valuePeriod>
  </extension>
  <url value="https://mos.esante.gouv.fr/NOS/TRE_R326-SituationSansEmploi/FHIR/TRE-R326-SituationSansEmploi"/>
  <identifier>
    <system value="urn:ietf:rfc:3986"/>
    <value value="urn:oid:1.2.250.1.213.3.3.81"/>
  </identifier>
  <version value="1.1.0"/>
  <name value="TRE_R326_SituationSansEmploi"/>
  <status value="active"/>
  <experimental value="false"/>
  <date value="2023-07-18T12:00:00-00:00"/>
  <publisher value="ANS"/>
  <contact>
    <name value="ANS"/>
    <telecom>
      <system value="url"/>
      <value value="https://esante.gouv.fr"/>
    </telecom>
  </contact>
  <description value="Caractérise la situation de la personne lorsqu'elle est sans emploi"/>
  <caseSensitive value="false"/>
  <content value="complete"/>
  <property>
    <code value="dateValid"/>
    <description value="date de validité d'un code concept"/>
    <type value="dateTime"/>
  </property>
  <property>
    <code value="dateMaj"/>
    <description value="Date de mise à jour d'un code concept"/>
    <type value="dateTime"/>
  </property>
  <property>
    <code value="dateFin"/>
    <description value="Date de fin d'exploitation d'un code concept"/>
    <type value="dateTime"/>
  </property>
  <concept>
    <code value="1"/>
    <display value="A Pôle Emploi"/>
    <designation>
      <use>
        <system value="http://snomed.info/sct"/>
        <code value="900000000000013009"/>
      </use>
      <value value="La personne est inscrite à Pôle Emploi"/>
    </designation>
    <property>
      <code value="dateValid"/>
      <valueDateTime value="2021-09-24T12:00:00+01:00"/>
    </property>
    <property>
      <code value="dateMaj"/>
      <valueDateTime value="2021-09-24T12:00:00+01:00"/>
    </property>
  </concept>
  <concept>
    <code value="2"/>
    <display value="En formation continue"/>
    <designation>
      <use>
        <system value="http://snomed.info/sct"/>
        <code value="900000000000013009"/>
      </use>
      <value value="La personne est en formation continue"/>
    </designation>
    <property>
      <code value="dateValid"/>
      <valueDateTime value="2021-09-24T12:00:00+01:00"/>
    </property>
    <property>
      <code value="dateMaj"/>
      <valueDateTime value="2021-09-24T12:00:00+01:00"/>
    </property>
  </concept>
  <concept>
    <code value="3"/>
    <display value="Etudiant"/>
    <designation>
      <use>
        <system value="http://snomed.info/sct"/>
        <code value="900000000000013009"/>
      </use>
      <value value="La personne est étudiant(e)"/>
    </designation>
    <property>
      <code value="dateValid"/>
      <valueDateTime value="2021-09-24T12:00:00+01:00"/>
    </property>
    <property>
      <code value="dateMaj"/>
      <valueDateTime value="2021-09-24T12:00:00+01:00"/>
    </property>
  </concept>
</CodeSystem>