<?xml version="1.0" encoding="UTF-8"?>

<CodeSystem xmlns="http://hl7.org/fhir">
  <id value="fe5b8aea-2ccd-4fe5-9c61-840af286773e"/>
  <meta>
    <versionId value="1"/>
    <lastUpdated value="2022-09-08T16:11:26.195+00:00"/>
  </meta>
  <text>
    <status value="generated"/><div xmlns="http://www.w3.org/1999/xhtml">Placeholder</div>
  </text>
  <extension url="http://hl7.org/fhir/StructureDefinition/resource-effectivePeriod">
    <valuePeriod>
      <start value="2017-10-13T12:00:00+02:00"/>
    </valuePeriod>
  </extension>
  <url value="https://mos.esante.gouv.fr/NOS/TRE_R234-TypeNote"/>
  <identifier>
    <value value="urn:oid:1.2.250.1.213.1.1.4.334"/>
  </identifier>
  <version value="1.1.0"/>
  <name value="TRE_R234-TypeNote"/>
  <status value="active"/>
  <date value="2017-10-13T12:00:00+02:00"/>
  <publisher value="ANS"/>
  <contact>
    <name value="ANS"/>
    <telecom>
      <system value="url"/>
      <value value="https://esante.gouv.fr"/>
    </telecom>
  </contact>
  <description value="Type de note"/>
  <content value="complete"/>
  <property>
    <code value="dateValid"/>
    <description value="date de validité d'un code concept"/>
    <type value="dateTime"/>
  </property>
  <property>
    <code value="dateMaj"/>
    <description value="date de mise à jours d'un code concept"/>
    <type value="dateTime"/>
  </property>
  <property>
    <code value="dateFin"/>
    <description value="date de fin d'un code concept"/>
    <type value="dateTime"/>
  </property>
  <concept>
    <code value="OBS"/>
    <display value="Note d'observation"/>
    <designation>
      <use>
        <code value="LibelleAdapte"/>
      </use>
      <value value="Note d'observation"/>
    </designation>
    <designation>
      <use>
        <code value="LibelleCourt"/>
      </use>
      <value value="Note d'observation"/>
    </designation>
    <property>
      <code value="dateMaj"/>
      <valueDateTime value="2017-10-13T12:00:00+02:00"/>
    </property>
    <property>
      <code value="dateValid"/>
      <valueDateTime value="2017-10-13T12:00:00+02:00"/>
    </property>
  </concept>
  <concept>
    <code value="INST"/>
    <display value="Instruction"/>
    <designation>
      <use>
        <code value="LibelleCourt"/>
      </use>
      <value value="Instruction"/>
    </designation>
    <designation>
      <use>
        <code value="LibelleAdapte"/>
      </use>
      <value value="Instruction"/>
    </designation>
    <property>
      <code value="dateValid"/>
      <valueDateTime value="2017-10-13T12:00:00+02:00"/>
    </property>
    <property>
      <code value="dateMaj"/>
      <valueDateTime value="2017-10-13T12:00:00+02:00"/>
    </property>
  </concept>
  <concept>
    <code value="INTERV"/>
    <display value="Note d'intervention"/>
    <designation>
      <use>
        <system value="http://data.esante.gouv.fr/nos/1.2.250.1.213.1.1.4.334"/>
        <code value="LibelleAdapte"/>
      </use>
      <value value="Note d'intervention"/>
    </designation>
    <designation>
      <use>
        <system value="http://data.esante.gouv.fr/nos/1.2.250.1.213.1.1.4.334"/>
        <code value="LibelleCourt"/>
      </use>
      <value value="Note d'intervention"/>
    </designation>
    <property>
      <code value="dateMaj"/>
      <valueDateTime value="2017-10-13T12:00:00+02:00"/>
    </property>
    <property>
      <code value="dateValid"/>
      <valueDateTime value="2017-10-13T12:00:00+02:00"/>
    </property>
  </concept>
  <concept>
    <code value="DEM-AVIS"/>
    <display value="Demande d'avis"/>
    <designation>
      <use>
        <code value="LibelleCourt"/>
      </use>
      <value value="Demande d'avis"/>
    </designation>
    <designation>
      <use>
        <system value="http://data.esante.gouv.fr/nos/1.2.250.1.213.1.1.4.334"/>
        <code value="LibelleAdapte"/>
      </use>
      <value value="Demande d'avis"/>
    </designation>
    <property>
      <code value="dateValid"/>
      <valueDateTime value="2017-10-13T12:00:00+02:00"/>
    </property>
    <property>
      <code value="dateMaj"/>
      <valueDateTime value="2017-10-13T12:00:00+02:00"/>
    </property>
  </concept>
  <concept>
    <code value="GEN"/>
    <display value="Note générale"/>
    <designation>
      <use>
        <code value="LibelleAdapte"/>
      </use>
      <value value="Note générale"/>
    </designation>
    <designation>
      <use>
        <code value="LibelleCourt"/>
      </use>
      <value value="Note générale"/>
    </designation>
    <property>
      <code value="dateValid"/>
      <valueDateTime value="2017-10-13T12:00:00+02:00"/>
    </property>
    <property>
      <code value="dateMaj"/>
      <valueDateTime value="2017-10-13T12:00:00+02:00"/>
    </property>
  </concept>
</CodeSystem>