<?xml version="1.0" encoding="UTF-8"?>
<RetrieveValueSetResponse xmlns="urn:ihe:iti:svs:2008"
                          xmlns:f="http://hl7.org/fhir"
                          xmlns:xsi="http://www.w3.org/2001/XMLSchema-instance">
   <ValueSet displayName="XXXX-XXXX-SSSS"
             id=""
             version="1.1.0"
             dateFin=""
             dateMaj="2023-07-11T16:32:57.482+00:00"
             dateValid=""
             description=""
             typeFichier="TRE"
             urlFichier="https://mos.esante.gouv.fr/NOS/XXX/FHIR/XXXX-XXXX-SSSS">
      <ConceptList>
         <concept code="C01"
                  codeSystem=""
                  dateFin=""
                  dateMaj="2016-09-01T00:00:00+01:00"
                  dateValid="2012-04-12T00:00:00+01:00"
                  displayName="Anatomie et Cytologie pathologiques humaines (C)"
                  longDesignation="Anatomie et Cytologie pathologiques humaines (C)"
                  shortDesignation="Anatomie, Cyto patho"/>
         <concept code="C03"
                  codeSystem=""
                  dateFin=""
                  dateMaj="2016-09-01T00:00:00+01:00"
                  dateValid="2012-04-12T00:00:00+01:00"
                  displayName="Anesthésie-réanimation (C)"
                  longDesignation="Anesthésie-réanimation (C)"
                  shortDesignation="Anesthésie-réanim"/>
         <concept code="C05"
                  codeSystem=""
                  dateFin=""
                  dateMaj="2016-09-01T00:00:00+01:00"
                  dateValid="2012-04-12T00:00:00+01:00"
                  displayName="Médecine appliquée aux sports (C)"
                  longDesignation="Médecine appliquée aux sports (C)"
                  shortDesignation="Méd appliquée sports"/>
         <concept code="C07"
                  codeSystem=""
                  dateFin=""
                  dateMaj="2016-09-01T00:00:00+01:00"
                  dateValid="2012-04-12T00:00:00+01:00"
                  displayName="Cardiologie (C)"
                  longDesignation="Cardiologie (C)"
                  shortDesignation="Cardiologie"/>
      </ConceptList>
   </ValueSet>
</RetrieveValueSetResponse>
