<?xml version="1.0" encoding="UTF-8"?>
<RetrieveValueSetResponse xmlns="urn:ihe:iti:svs:2008"
                          xmlns:f="http://hl7.org/fhir"
                          xmlns:xsi="http://www.w3.org/2001/XMLSchema-instance">
   <ValueSet displayName="TRE_R73-ESPIC"
             id=""
             version="1.1.0"
             dateFin=""
             dateMaj="2022-09-08T16:12:08.372+00:00"
             dateValid="2013-06-28T00:00:00+02:00"
             description=""
             typeFichier="TRE"
             urlFichier="https://mos.esante.gouv.fr/NOS/TRE_R73-ESPIC">
      <ConceptList>
         <concept code="1"
                  codeSystem=""
                  dateFin=""
                  dateMaj="1996-09-23T00:00:00+02:00"
                  dateValid="1996-09-23T00:00:00+02:00"
                  displayName="Etablissement public de santé"
                  longDesignation="Etablissement public de santé"
                  shortDesignation=""/>
         <concept code="2"
                  codeSystem=""
                  dateFin=""
                  dateMaj="1997-03-03T00:00:00+01:00"
                  dateValid="1997-03-03T00:00:00+01:00"
                  displayName="PSPH par intégration"
                  longDesignation="PSPH par intégration"
                  shortDesignation=""/>
         <concept code="6"
                  codeSystem=""
                  dateFin=""
                  dateMaj="2016-09-01T00:00:00+02:00"
                  dateValid="2016-09-01T00:00:00+02:00"
                  displayName="Etablissement de santé privé d'intérêt collectif"
                  longDesignation="Etablissement de santé privé d'intérêt collectif"
                  shortDesignation=""/>
         <concept code="0"
                  codeSystem=""
                  dateFin=""
                  dateMaj="2016-09-01T00:00:00+02:00"
                  dateValid="1994-12-20T00:00:00+01:00"
                  displayName="Non concerné"
                  longDesignation="Non concerné"
                  shortDesignation=""/>
         <concept code="9"
                  codeSystem=""
                  dateFin=""
                  dateMaj="2003-02-05T00:00:00+01:00"
                  dateValid="2003-02-05T00:00:00+01:00"
                  displayName="Indéterminé"
                  longDesignation="Indéterminé"
                  shortDesignation=""/>
         <concept code="7"
                  codeSystem=""
                  dateFin=""
                  dateMaj="2016-09-01T00:00:00+02:00"
                  dateValid="2016-09-01T00:00:00+02:00"
                  displayName="Etablissement de santé privé non lucratif, non déclaré d'intérêt collectif"
                  longDesignation="Etablissement de santé privé non lucratif, non déclaré d'intérêt collectif"
                  shortDesignation=""/>
         <concept code="3"
                  codeSystem=""
                  dateFin=""
                  dateMaj="1994-12-20T00:00:00+01:00"
                  dateValid="1994-12-20T00:00:00+01:00"
                  displayName="PSPH par concession"
                  longDesignation="PSPH par concession"
                  shortDesignation=""/>
         <concept code="4"
                  codeSystem=""
                  dateFin=""
                  dateMaj="1997-03-03T00:00:00+01:00"
                  dateValid="1997-03-03T00:00:00+01:00"
                  displayName="PSPH par association"
                  longDesignation="PSPH par association"
                  shortDesignation=""/>
         <concept code="5"
                  codeSystem=""
                  dateFin=""
                  dateMaj="1994-12-20T00:00:00+01:00"
                  dateValid="1994-12-20T00:00:00+01:00"
                  displayName="Assoc 1901 act. Psy"
                  longDesignation="Assoc 1901 act. Psy"
                  shortDesignation=""/>
      </ConceptList>
   </ValueSet>
</RetrieveValueSetResponse>
