{
  "resourceType" : "CodeSystem",
  "id" : "fe5b8aea-2ccd-4fe5-9c61-840af286773e",
  "meta" : {
    "versionId" : "1",
    "lastUpdated" : "2022-09-08T16:11:26.195+00:00"
  },
  "text" : {
    "status" : "generated",
    "div" : "<div xmlns=\"http://www.w3.org/1999/xhtml\">Placeholder</div>"
  },
  "extension" : [{
    "url" : "http://hl7.org/fhir/StructureDefinition/resource-effectivePeriod",
    "valuePeriod" : {
      "start" : "2017-10-13T12:00:00+02:00"
    }
  }],
  "url" : "https://mos.esante.gouv.fr/NOS/TRE_R234-TypeNote",
  "identifier" : [{
    "value" : "urn:oid:1.2.250.1.213.1.1.4.334"
  }],
  "version" : "1.1.0",
  "name" : "TRE_R234-TypeNote",
  "status" : "active",
  "date" : "2017-10-13T12:00:00+02:00",
  "publisher" : "ANS",
  "contact" : [{
    "name" : "ANS",
    "telecom" : [{
      "system" : "url",
      "value" : "https://esante.gouv.fr"
    }]
  }],
  "description" : "Type de note",
  "content" : "complete",
  "property" : [{
    "code" : "dateValid",
    "description" : "date de validité d'un code concept",
    "type" : "dateTime"
  },
  {
    "code" : "dateMaj",
    "description" : "date de mise à jours d'un code concept",
    "type" : "dateTime"
  },
  {
    "code" : "dateFin",
    "description" : "date de fin d'un code concept",
    "type" : "dateTime"
  }],
  "concept" : [{
    "code" : "OBS",
    "display" : "Note d'observation",
    "designation" : [{
      "use" : {
        "code" : "LibelleAdapte"
      },
      "value" : "Note d'observation"
    },
    {
      "use" : {
        "code" : "LibelleCourt"
      },
      "value" : "Note d'observation"
    }],
    "property" : [{
      "code" : "dateMaj",
      "valueDateTime" : "2017-10-13T12:00:00+02:00"
    },
    {
      "code" : "dateValid",
      "valueDateTime" : "2017-10-13T12:00:00+02:00"
    }]
  },
  {
    "code" : "INST",
    "display" : "Instruction",
    "designation" : [{
      "use" : {
        "code" : "LibelleCourt"
      },
      "value" : "Instruction"
    },
    {
      "use" : {
        "code" : "LibelleAdapte"
      },
      "value" : "Instruction"
    }],
    "property" : [{
      "code" : "dateValid",
      "valueDateTime" : "2017-10-13T12:00:00+02:00"
    },
    {
      "code" : "dateMaj",
      "valueDateTime" : "2017-10-13T12:00:00+02:00"
    }]
  },
  {
    "code" : "INTERV",
    "display" : "Note d'intervention",
    "designation" : [{
      "use" : {
        "system" : "http://data.esante.gouv.fr/nos/1.2.250.1.213.1.1.4.334",
        "code" : "LibelleAdapte"
      },
      "value" : "Note d'intervention"
    },
    {
      "use" : {
        "system" : "http://data.esante.gouv.fr/nos/1.2.250.1.213.1.1.4.334",
        "code" : "LibelleCourt"
      },
      "value" : "Note d'intervention"
    }],
    "property" : [{
      "code" : "dateMaj",
      "valueDateTime" : "2017-10-13T12:00:00+02:00"
    },
    {
      "code" : "dateValid",
      "valueDateTime" : "2017-10-13T12:00:00+02:00"
    }]
  },
  {
    "code" : "DEM-AVIS",
    "display" : "Demande d'avis",
    "designation" : [{
      "use" : {
        "code" : "LibelleCourt"
      },
      "value" : "Demande d'avis"
    },
    {
      "use" : {
        "system" : "http://data.esante.gouv.fr/nos/1.2.250.1.213.1.1.4.334",
        "code" : "LibelleAdapte"
      },
      "value" : "Demande d'avis"
    }],
    "property" : [{
      "code" : "dateValid",
      "valueDateTime" : "2017-10-13T12:00:00+02:00"
    },
    {
      "code" : "dateMaj",
      "valueDateTime" : "2017-10-13T12:00:00+02:00"
    }]
  },
  {
    "code" : "GEN",
    "display" : "Note générale",
    "designation" : [{
      "use" : {
        "code" : "LibelleAdapte"
      },
      "value" : "Note générale"
    },
    {
      "use" : {
        "code" : "LibelleCourt"
      },
      "value" : "Note générale"
    }],
    "property" : [{
      "code" : "dateValid",
      "valueDateTime" : "2017-10-13T12:00:00+02:00"
    },
    {
      "code" : "dateMaj",
      "valueDateTime" : "2017-10-13T12:00:00+02:00"
    }]
  }]
}