{
  "resourceType" : "CodeSystem",
  "id" : "TRE-R262-CategorieSocioProfessionnelle",
  "meta" : {
    "versionId" : "1",
    "lastUpdated" : "2023-07-18T12:48:36.539+00:00",
    "profile" : ["http://hl7.org/fhir/StructureDefinition/shareablecodesystem"]
  },
  "text" : {
    "status" : "generated",
    "div" : "<div xmlns=\"http://www.w3.org/1999/xhtml\">Placeholder</div>"
  },
  "extension" : [{
    "url" : "http://hl7.org/fhir/StructureDefinition/resource-effectivePeriod",
    "valuePeriod" : {
      "start" : "2018-04-27T12:00:00+01:00"
    }
  }],
  "url" : "https://mos.esante.gouv.fr/NOS/TRE_R262-CategorieSocioProfessionnelle/FHIR/TRE-R262-CategorieSocioProfessionnelle",
  "identifier" : [{
    "system" : "urn:ietf:rfc:3986",
    "value" : "urn:oid:1.2.250.1.213.1.6.1.123"
  }],
  "version" : "1.1.0",
  "name" : "TRE_R262_CategorieSocioProfessionnelle",
  "status" : "active",
  "experimental" : false,
  "date" : "2023-07-18T12:00:00-00:00",
  "publisher" : "ANS",
  "contact" : [{
    "name" : "ANS",
    "telecom" : [{
      "system" : "url",
      "value" : "https://esante.gouv.fr"
    }]
  }],
  "description" : "Catégories socio-professionnelles",
  "caseSensitive" : false,
  "content" : "complete",
  "property" : [{
    "code" : "dateValid",
    "description" : "date de validité d'un code concept",
    "type" : "dateTime"
  },
  {
    "code" : "dateMaj",
    "description" : "Date de mise à jour d'un code concept",
    "type" : "dateTime"
  },
  {
    "code" : "dateFin",
    "description" : "Date de fin d'exploitation d'un code concept",
    "type" : "dateTime"
  }],
  "concept" : [{
    "code" : "AGRIC",
    "display" : "Agriculteurs",
    "property" : [{
      "code" : "dateValid",
      "valueDateTime" : "2018-04-27T12:00:00+01:00"
    },
    {
      "code" : "dateMaj",
      "valueDateTime" : "2018-04-27T12:00:00+01:00"
    }]
  },
  {
    "code" : "ARTISAN",
    "display" : "Artisans, commerçants et chefs d'entreprises",
    "designation" : [{
      "use" : {
        "system" : "http://snomed.info/sct",
        "code" : "900000000000013009"
      },
      "value" : "Artisans, chefs d'entreprises"
    }],
    "property" : [{
      "code" : "dateValid",
      "valueDateTime" : "2018-04-27T12:00:00+01:00"
    },
    {
      "code" : "dateMaj",
      "valueDateTime" : "2018-04-27T12:00:00+01:00"
    }]
  },
  {
    "code" : "CPIS",
    "display" : "Cadres et professions intellectuelles supérieures",
    "property" : [{
      "code" : "dateValid",
      "valueDateTime" : "2018-04-27T12:00:00+01:00"
    },
    {
      "code" : "dateMaj",
      "valueDateTime" : "2018-04-27T12:00:00+01:00"
    }]
  },
  {
    "code" : "PROF-INT",
    "display" : "Professions intermédiaires",
    "property" : [{
      "code" : "dateValid",
      "valueDateTime" : "2018-04-27T12:00:00+01:00"
    },
    {
      "code" : "dateMaj",
      "valueDateTime" : "2018-04-27T12:00:00+01:00"
    }]
  },
  {
    "code" : "EMPLOYE",
    "display" : "Employés",
    "property" : [{
      "code" : "dateValid",
      "valueDateTime" : "2018-04-27T12:00:00+01:00"
    },
    {
      "code" : "dateMaj",
      "valueDateTime" : "2018-04-27T12:00:00+01:00"
    }]
  },
  {
    "code" : "OUVRIER",
    "display" : "Ouvriers",
    "property" : [{
      "code" : "dateValid",
      "valueDateTime" : "2018-04-27T12:00:00+01:00"
    },
    {
      "code" : "dateMaj",
      "valueDateTime" : "2018-04-27T12:00:00+01:00"
    }]
  },
  {
    "code" : "RETRAITE",
    "display" : "Retraités",
    "property" : [{
      "code" : "dateValid",
      "valueDateTime" : "2018-04-27T12:00:00+01:00"
    },
    {
      "code" : "dateMaj",
      "valueDateTime" : "2018-04-27T12:00:00+01:00"
    }]
  },
  {
    "code" : "AUTRE",
    "display" : "Autres personnes sans activité professionnelle",
    "designation" : [{
      "use" : {
        "system" : "http://snomed.info/sct",
        "code" : "900000000000013009"
      },
      "value" : "Sans activité professionnelle"
    }],
    "property" : [{
      "code" : "dateValid",
      "valueDateTime" : "2018-04-27T12:00:00+01:00"
    },
    {
      "code" : "dateMaj",
      "valueDateTime" : "2018-04-27T12:00:00+01:00"
    }]
  }]
}