{
  "resourceType" : "CodeSystem",
  "id" : "TRE-R97-DroitExerciceCompl",
  "meta" : {
    "versionId" : "1",
    "lastUpdated" : "2023-07-18T13:31:45.615+00:00",
    "profile" : ["http://hl7.org/fhir/StructureDefinition/shareablecodesystem"]
  },
  "text" : {
    "status" : "generated",
    "div" : "<div xmlns=\"http://www.w3.org/1999/xhtml\">Placeholder</div>"
  },
  "extension" : [{
    "url" : "http://hl7.org/fhir/StructureDefinition/resource-effectivePeriod",
    "valuePeriod" : {
      "start" : "2015-05-29T15:58:30+01:00"
    }
  }],
  "url" : "https://mos.esante.gouv.fr/NOS/TRE_R97-DroitExerciceCompl/FHIR/TRE-R97-DroitExerciceCompl",
  "identifier" : [{
    "system" : "urn:ietf:rfc:3986",
    "value" : "urn:oid:1.2.250.1.213.1.6.1.111"
  }],
  "version" : "1.1.0",
  "name" : "TRE_R97_DroitExerciceCompl",
  "status" : "active",
  "experimental" : false,
  "date" : "2023-07-18T12:00:00-00:00",
  "publisher" : "ANS",
  "contact" : [{
    "name" : "ANS",
    "telecom" : [{
      "system" : "url",
      "value" : "https://esante.gouv.fr"
    }]
  }],
  "description" : "Droit d'exercice complémentaire",
  "caseSensitive" : false,
  "content" : "complete",
  "property" : [{
    "code" : "dateValid",
    "description" : "date de validité d'un code concept",
    "type" : "dateTime"
  },
  {
    "code" : "dateMaj",
    "description" : "Date de mise à jour d'un code concept",
    "type" : "dateTime"
  },
  {
    "code" : "dateFin",
    "description" : "Date de fin d'exploitation d'un code concept",
    "type" : "dateTime"
  }],
  "concept" : [{
    "code" : "DEC01",
    "display" : "Addictologie (DEC)",
    "designation" : [{
      "use" : {
        "system" : "http://snomed.info/sct",
        "code" : "900000000000013009"
      },
      "value" : "Addictologie"
    }],
    "property" : [{
      "code" : "dateValid",
      "valueDateTime" : "2015-05-29T15:58:30+01:00"
    },
    {
      "code" : "dateMaj",
      "valueDateTime" : "2019-02-22T12:00:00+01:00"
    }]
  },
  {
    "code" : "DEC02",
    "display" : "Allergologie et Immunologie clinique (DEC)",
    "designation" : [{
      "use" : {
        "system" : "http://snomed.info/sct",
        "code" : "900000000000013009"
      },
      "value" : "Allergologie, Immunologie clin"
    }],
    "property" : [{
      "code" : "dateValid",
      "valueDateTime" : "2015-05-29T15:58:30+01:00"
    },
    {
      "code" : "dateMaj",
      "valueDateTime" : "2019-02-22T12:00:00+01:00"
    }]
  },
  {
    "code" : "DEC03",
    "display" : "Andrologie (DEC)",
    "designation" : [{
      "use" : {
        "system" : "http://snomed.info/sct",
        "code" : "900000000000013009"
      },
      "value" : "Andrologie"
    }],
    "property" : [{
      "code" : "dateValid",
      "valueDateTime" : "2015-05-29T15:58:30+01:00"
    },
    {
      "code" : "dateMaj",
      "valueDateTime" : "2019-02-22T12:00:00+01:00"
    }]
  },
  {
    "code" : "DEC04",
    "display" : "Cancérologie, option traitements médicaux des cancers (DEC)",
    "designation" : [{
      "use" : {
        "system" : "http://snomed.info/sct",
        "code" : "900000000000013009"
      },
      "value" : "Cancéro, opt Trait méd cancers"
    }],
    "property" : [{
      "code" : "dateValid",
      "valueDateTime" : "2015-05-29T15:58:30+01:00"
    },
    {
      "code" : "dateMaj",
      "valueDateTime" : "2019-02-22T12:00:00+01:00"
    }]
  },
  {
    "code" : "DEC05",
    "display" : "Cancérologie, option chirurgie cancérologique (DEC)",
    "designation" : [{
      "use" : {
        "system" : "http://snomed.info/sct",
        "code" : "900000000000013009"
      },
      "value" : "Cancéro, opt Chirurgie cancéro"
    }],
    "property" : [{
      "code" : "dateValid",
      "valueDateTime" : "2015-05-29T15:58:30+01:00"
    },
    {
      "code" : "dateMaj",
      "valueDateTime" : "2019-02-22T12:00:00+01:00"
    }]
  },
  {
    "code" : "DEC06",
    "display" : "Cancérologie, option réseaux de cancérologie (DEC)",
    "designation" : [{
      "use" : {
        "system" : "http://snomed.info/sct",
        "code" : "900000000000013009"
      },
      "value" : "Cancéro, opt Réseaux cancéro"
    }],
    "property" : [{
      "code" : "dateValid",
      "valueDateTime" : "2015-05-29T15:58:30+01:00"
    },
    {
      "code" : "dateMaj",
      "valueDateTime" : "2019-02-22T12:00:00+01:00"
    }]
  },
  {
    "code" : "DEC07",
    "display" : "Cancérologie, option biologie en cancérologie (DEC)",
    "designation" : [{
      "use" : {
        "system" : "http://snomed.info/sct",
        "code" : "900000000000013009"
      },
      "value" : "Cancéro, opt Biologie cancéro"
    }],
    "property" : [{
      "code" : "dateValid",
      "valueDateTime" : "2015-05-29T15:58:30+01:00"
    },
    {
      "code" : "dateMaj",
      "valueDateTime" : "2019-02-22T12:00:00+01:00"
    }]
  },
  {
    "code" : "DEC08",
    "display" : "Cancérologie, option imagerie en cancérologie (DEC)",
    "designation" : [{
      "use" : {
        "system" : "http://snomed.info/sct",
        "code" : "900000000000013009"
      },
      "value" : "Cancéro, opt Imagerie cancéro"
    }],
    "property" : [{
      "code" : "dateValid",
      "valueDateTime" : "2015-05-29T15:58:30+01:00"
    },
    {
      "code" : "dateMaj",
      "valueDateTime" : "2019-02-22T12:00:00+01:00"
    }]
  },
  {
    "code" : "DEC09",
    "display" : "Dermatopathologie (DEC)",
    "designation" : [{
      "use" : {
        "system" : "http://snomed.info/sct",
        "code" : "900000000000013009"
      },
      "value" : "Dermatopathologie"
    }],
    "property" : [{
      "code" : "dateValid",
      "valueDateTime" : "2015-05-29T15:58:30+01:00"
    },
    {
      "code" : "dateMaj",
      "valueDateTime" : "2019-02-22T12:00:00+01:00"
    }]
  },
  {
    "code" : "DEC10",
    "display" : "Foetopathologie (DEC)",
    "designation" : [{
      "use" : {
        "system" : "http://snomed.info/sct",
        "code" : "900000000000013009"
      },
      "value" : "Foetopathologie"
    }],
    "property" : [{
      "code" : "dateValid",
      "valueDateTime" : "2015-05-29T15:58:30+01:00"
    },
    {
      "code" : "dateMaj",
      "valueDateTime" : "2019-02-22T12:00:00+01:00"
    }]
  },
  {
    "code" : "DEC11",
    "display" : "Hémobiologie et Transfusion (DEC)",
    "designation" : [{
      "use" : {
        "system" : "http://snomed.info/sct",
        "code" : "900000000000013009"
      },
      "value" : "Hémobiologie, Transfusion"
    }],
    "property" : [{
      "code" : "dateValid",
      "valueDateTime" : "2015-05-29T15:58:30+01:00"
    },
    {
      "code" : "dateMaj",
      "valueDateTime" : "2019-02-22T12:00:00+01:00"
    }]
  },
  {
    "code" : "DEC12",
    "display" : "Médecine de la douleur et Médecine palliative (DEC)",
    "designation" : [{
      "use" : {
        "system" : "http://snomed.info/sct",
        "code" : "900000000000013009"
      },
      "value" : "Médecine douleur, palliative"
    }],
    "property" : [{
      "code" : "dateValid",
      "valueDateTime" : "2015-05-29T15:58:30+01:00"
    },
    {
      "code" : "dateMaj",
      "valueDateTime" : "2019-02-22T12:00:00+01:00"
    }]
  },
  {
    "code" : "DEC13",
    "display" : "Médecine de la reproduction (DEC)",
    "designation" : [{
      "use" : {
        "system" : "http://snomed.info/sct",
        "code" : "900000000000013009"
      },
      "value" : "Médecine de la reproduction"
    }],
    "property" : [{
      "code" : "dateValid",
      "valueDateTime" : "2015-05-29T15:58:30+01:00"
    },
    {
      "code" : "dateMaj",
      "valueDateTime" : "2019-02-22T12:00:00+01:00"
    }]
  },
  {
    "code" : "DEC14",
    "display" : "Médecine d'urgence (DEC)",
    "designation" : [{
      "use" : {
        "system" : "http://snomed.info/sct",
        "code" : "900000000000013009"
      },
      "value" : "Médecine d'urgence"
    }],
    "property" : [{
      "code" : "dateValid",
      "valueDateTime" : "2015-05-29T15:58:30+01:00"
    },
    {
      "code" : "dateMaj",
      "valueDateTime" : "2019-02-22T12:00:00+01:00"
    }]
  },
  {
    "code" : "DEC15",
    "display" : "Médecine du sport (DEC)",
    "designation" : [{
      "use" : {
        "system" : "http://snomed.info/sct",
        "code" : "900000000000013009"
      },
      "value" : "Médecine du sport"
    }],
    "property" : [{
      "code" : "dateValid",
      "valueDateTime" : "2015-05-29T15:58:30+01:00"
    },
    {
      "code" : "dateMaj",
      "valueDateTime" : "2019-02-22T12:00:00+01:00"
    }]
  },
  {
    "code" : "DEC16",
    "display" : "Médecine légale et Expertises médicales (DEC)",
    "designation" : [{
      "use" : {
        "system" : "http://snomed.info/sct",
        "code" : "900000000000013009"
      },
      "value" : "Méd légale, Expertise médicale"
    }],
    "property" : [{
      "code" : "dateValid",
      "valueDateTime" : "2015-05-29T15:58:30+01:00"
    },
    {
      "code" : "dateMaj",
      "valueDateTime" : "2019-02-22T12:00:00+01:00"
    }]
  },
  {
    "code" : "DEC17",
    "display" : "Médecine vasculaire (DEC)",
    "designation" : [{
      "use" : {
        "system" : "http://snomed.info/sct",
        "code" : "900000000000013009"
      },
      "value" : "Médecine vasculaire"
    }],
    "property" : [{
      "code" : "dateValid",
      "valueDateTime" : "2015-05-29T15:58:30+01:00"
    },
    {
      "code" : "dateMaj",
      "valueDateTime" : "2019-02-22T12:00:00+01:00"
    }]
  },
  {
    "code" : "DEC18",
    "display" : "Néonatologie (DEC)",
    "designation" : [{
      "use" : {
        "system" : "http://snomed.info/sct",
        "code" : "900000000000013009"
      },
      "value" : "Neonatologie"
    }],
    "property" : [{
      "code" : "dateValid",
      "valueDateTime" : "2015-05-29T15:58:30+01:00"
    },
    {
      "code" : "dateMaj",
      "valueDateTime" : "2019-02-22T12:00:00+01:00"
    }]
  },
  {
    "code" : "DEC19",
    "display" : "Neuropathologie (DEC)",
    "designation" : [{
      "use" : {
        "system" : "http://snomed.info/sct",
        "code" : "900000000000013009"
      },
      "value" : "Neuropathologie"
    }],
    "property" : [{
      "code" : "dateValid",
      "valueDateTime" : "2015-05-29T15:58:30+01:00"
    },
    {
      "code" : "dateMaj",
      "valueDateTime" : "2019-02-22T12:00:00+01:00"
    }]
  },
  {
    "code" : "DEC20",
    "display" : "Nutrition (DEC)",
    "designation" : [{
      "use" : {
        "system" : "http://snomed.info/sct",
        "code" : "900000000000013009"
      },
      "value" : "Nutrition"
    }],
    "property" : [{
      "code" : "dateValid",
      "valueDateTime" : "2015-05-29T15:58:30+01:00"
    },
    {
      "code" : "dateMaj",
      "valueDateTime" : "2019-02-22T12:00:00+01:00"
    }]
  },
  {
    "code" : "DEC21",
    "display" : "Orthopédie dento-maxillo-faciale (DEC)",
    "designation" : [{
      "use" : {
        "system" : "http://snomed.info/sct",
        "code" : "900000000000013009"
      },
      "value" : "Orthopédie dento-maxilo-fac"
    }],
    "property" : [{
      "code" : "dateValid",
      "valueDateTime" : "2015-05-29T15:58:30+01:00"
    },
    {
      "code" : "dateMaj",
      "valueDateTime" : "2019-02-22T12:00:00+01:00"
    }]
  },
  {
    "code" : "DEC22",
    "display" : "Pathologie infectieuse et tropicale, clinique et biologique (DEC)",
    "designation" : [{
      "use" : {
        "system" : "http://snomed.info/sct",
        "code" : "900000000000013009"
      },
      "value" : "Patho infect, trop, clin, bio"
    }],
    "property" : [{
      "code" : "dateValid",
      "valueDateTime" : "2015-05-29T15:58:30+01:00"
    },
    {
      "code" : "dateMaj",
      "valueDateTime" : "2019-02-22T12:00:00+01:00"
    }]
  },
  {
    "code" : "DEC23",
    "display" : "Pharmacologie clinique et Evaluation des thérapeutiques (DEC)",
    "designation" : [{
      "use" : {
        "system" : "http://snomed.info/sct",
        "code" : "900000000000013009"
      },
      "value" : "Pharmacol cliniq, Eval thérap"
    }],
    "property" : [{
      "code" : "dateValid",
      "valueDateTime" : "2015-05-29T15:58:30+01:00"
    },
    {
      "code" : "dateMaj",
      "valueDateTime" : "2019-02-22T12:00:00+01:00"
    }]
  },
  {
    "code" : "DEC24",
    "display" : "Psychiatrie de l'enfant et de l'adolescent (DEC)",
    "designation" : [{
      "use" : {
        "system" : "http://snomed.info/sct",
        "code" : "900000000000013009"
      },
      "value" : "Psychiatrie enfant et ado"
    }],
    "property" : [{
      "code" : "dateValid",
      "valueDateTime" : "2015-05-29T15:58:30+01:00"
    },
    {
      "code" : "dateMaj",
      "valueDateTime" : "2019-02-22T12:00:00+01:00"
    }]
  }]
}