{
  "resourceType" : "CodeSystem",
  "id" : "TRE-R280-DisciplineEquipementSocial",
  "meta" : {
    "versionId" : "1",
    "lastUpdated" : "2023-07-18T13:46:16.041+00:00",
    "profile" : ["http://hl7.org/fhir/StructureDefinition/shareablecodesystem"]
  },
  "text" : {
    "status" : "generated",
    "div" : "<div xmlns=\"http://www.w3.org/1999/xhtml\">Placeholder</div>"
  },
  "extension" : [{
    "url" : "http://hl7.org/fhir/StructureDefinition/resource-effectivePeriod",
    "valuePeriod" : {
      "start" : "2018-10-26T12:00:00+01:00"
    }
  }],
  "url" : "https://mos.esante.gouv.fr/NOS/TRE_R280-DisciplineEquipementSocial/FHIR/TRE-R280-DisciplineEquipementSocial",
  "identifier" : [{
    "system" : "urn:ietf:rfc:3986",
    "value" : "urn:oid:1.2.250.1.213.1.6.1.133"
  }],
  "version" : "1.1.0",
  "name" : "TRE_R280_DisciplineEquipementSocial",
  "status" : "active",
  "experimental" : false,
  "date" : "2023-07-18T12:00:00-00:00",
  "publisher" : "ANS",
  "contact" : [{
    "name" : "ANS",
    "telecom" : [{
      "system" : "url",
      "value" : "https://esante.gouv.fr"
    }]
  }],
  "description" : "Disciplines d'équipement pour le social",
  "caseSensitive" : false,
  "content" : "complete",
  "property" : [{
    "code" : "dateValid",
    "description" : "date de validité d'un code concept",
    "type" : "dateTime"
  },
  {
    "code" : "dateMaj",
    "description" : "Date de mise à jour d'un code concept",
    "type" : "dateTime"
  },
  {
    "code" : "dateFin",
    "description" : "Date de fin d'exploitation d'un code concept",
    "type" : "dateTime"
  }],
  "concept" : [{
    "code" : "177",
    "display" : "Section Cure Médicale (dont)",
    "designation" : [{
      "use" : {
        "system" : "http://snomed.info/sct",
        "code" : "900000000000013009"
      },
      "value" : "Sect.Cure Méd.(dont)"
    }],
    "property" : [{
      "code" : "dateValid",
      "valueDateTime" : "2018-10-26T12:00:00+01:00"
    },
    {
      "code" : "dateMaj",
      "valueDateTime" : "2018-10-26T12:00:00+01:00"
    }]
  },
  {
    "code" : "246",
    "display" : "Hébergement Accueil Mère Enfant",
    "designation" : [{
      "use" : {
        "system" : "http://snomed.info/sct",
        "code" : "900000000000013009"
      },
      "value" : "Héberg.Acc.Mère Enf."
    }],
    "property" : [{
      "code" : "dateValid",
      "valueDateTime" : "2018-10-26T12:00:00+01:00"
    },
    {
      "code" : "dateMaj",
      "valueDateTime" : "2018-10-26T12:00:00+01:00"
    }]
  },
  {
    "code" : "247",
    "display" : "Hébergement en centre parental",
    "designation" : [{
      "use" : {
        "system" : "http://snomed.info/sct",
        "code" : "900000000000013009"
      },
      "value" : "Héberg.Ctre parental"
    }],
    "property" : [{
      "code" : "dateValid",
      "valueDateTime" : "2020-06-26T12:00:00+01:00"
    },
    {
      "code" : "dateMaj",
      "valueDateTime" : "2020-06-26T12:00:00+01:00"
    }]
  },
  {
    "code" : "250",
    "display" : "Accueil en Jardin d'Enfants",
    "designation" : [{
      "use" : {
        "system" : "http://snomed.info/sct",
        "code" : "900000000000013009"
      },
      "value" : "Acc. Jardin Enfants"
    }],
    "property" : [{
      "code" : "dateValid",
      "valueDateTime" : "2021-11-26T12:00:00+01:00"
    },
    {
      "code" : "dateFin",
      "valueDateTime" : "2021-11-26T12:00:00+01:00"
    },
    {
      "code" : "dateMaj",
      "valueDateTime" : "2021-11-26T12:00:00+01:00"
    }]
  },
  {
    "code" : "257",
    "display" : "Aide éducative à Domicile",
    "designation" : [{
      "use" : {
        "system" : "http://snomed.info/sct",
        "code" : "900000000000013009"
      },
      "value" : "Aide Educative àDom."
    }],
    "property" : [{
      "code" : "dateValid",
      "valueDateTime" : "2020-06-26T12:00:00+01:00"
    },
    {
      "code" : "dateMaj",
      "valueDateTime" : "2020-06-26T12:00:00+01:00"
    }]
  },
  {
    "code" : "258",
    "display" : "Action Éducative en Milieu Ouvert",
    "designation" : [{
      "use" : {
        "system" : "http://snomed.info/sct",
        "code" : "900000000000013009"
      },
      "value" : "A.E.M.O."
    }],
    "property" : [{
      "code" : "dateValid",
      "valueDateTime" : "2018-10-26T12:00:00+01:00"
    },
    {
      "code" : "dateMaj",
      "valueDateTime" : "2018-10-26T12:00:00+01:00"
    }]
  },
  {
    "code" : "259",
    "display" : "Activ.Club et Équipe de Prévention",
    "designation" : [{
      "use" : {
        "system" : "http://snomed.info/sct",
        "code" : "900000000000013009"
      },
      "value" : "Act.Club Equip.Prév."
    }],
    "property" : [{
      "code" : "dateValid",
      "valueDateTime" : "2018-10-26T12:00:00+01:00"
    },
    {
      "code" : "dateMaj",
      "valueDateTime" : "2018-10-26T12:00:00+01:00"
    }]
  },
  {
    "code" : "262",
    "display" : "Placement Familial Social",
    "designation" : [{
      "use" : {
        "system" : "http://snomed.info/sct",
        "code" : "900000000000013009"
      },
      "value" : "Plac.Familial Social"
    }],
    "property" : [{
      "code" : "dateValid",
      "valueDateTime" : "2021-11-26T12:00:00+01:00"
    },
    {
      "code" : "dateFin",
      "valueDateTime" : "2021-11-26T12:00:00+01:00"
    },
    {
      "code" : "dateMaj",
      "valueDateTime" : "2021-11-26T12:00:00+01:00"
    }]
  },
  {
    "code" : "278",
    "display" : "Aide Psychologique Universitaire",
    "designation" : [{
      "use" : {
        "system" : "http://snomed.info/sct",
        "code" : "900000000000013009"
      },
      "value" : "Aide Psycho.Univers."
    }],
    "property" : [{
      "code" : "dateValid",
      "valueDateTime" : "2018-10-26T12:00:00+01:00"
    },
    {
      "code" : "dateMaj",
      "valueDateTime" : "2018-10-26T12:00:00+01:00"
    }]
  },
  {
    "code" : "319",
    "display" : "Education Spécialisée et Soins à domicile Enfants Handicapés",
    "designation" : [{
      "use" : {
        "system" : "http://snomed.info/sct",
        "code" : "900000000000013009"
      },
      "value" : "E.S.S.A.D. EH"
    }],
    "property" : [{
      "code" : "dateValid",
      "valueDateTime" : "2018-10-26T12:00:00+01:00"
    },
    {
      "code" : "dateFin",
      "valueDateTime" : "2021-11-26T12:00:00+01:00"
    },
    {
      "code" : "dateMaj",
      "valueDateTime" : "2021-11-26T12:00:00+01:00"
    }]
  },
  {
    "code" : "320",
    "display" : "Activité C.M.P.P.",
    "designation" : [{
      "use" : {
        "system" : "http://snomed.info/sct",
        "code" : "900000000000013009"
      },
      "value" : "Activité CMPP"
    }],
    "property" : [{
      "code" : "dateValid",
      "valueDateTime" : "2018-10-26T12:00:00+01:00"
    },
    {
      "code" : "dateMaj",
      "valueDateTime" : "2018-10-26T12:00:00+01:00"
    }]
  },
  {
    "code" : "325",
    "display" : "Placement Familial pour Enfants Handicapés",
    "designation" : [{
      "use" : {
        "system" : "http://snomed.info/sct",
        "code" : "900000000000013009"
      },
      "value" : "Pla.Famil.Enf.Handic"
    }],
    "property" : [{
      "code" : "dateValid",
      "valueDateTime" : "2021-11-26T12:00:00+01:00"
    },
    {
      "code" : "dateFin",
      "valueDateTime" : "2021-11-26T12:00:00+01:00"
    },
    {
      "code" : "dateMaj",
      "valueDateTime" : "2021-11-26T12:00:00+01:00"
    }]
  },
  {
    "code" : "354",
    "display" : "Restaurant pour Personnes Âgées",
    "designation" : [{
      "use" : {
        "system" : "http://snomed.info/sct",
        "code" : "900000000000013009"
      },
      "value" : "Restaurant PA"
    }],
    "property" : [{
      "code" : "dateValid",
      "valueDateTime" : "2018-10-26T12:00:00+01:00"
    },
    {
      "code" : "dateMaj",
      "valueDateTime" : "2018-10-26T12:00:00+01:00"
    }]
  },
  {
    "code" : "355",
    "display" : "Activité des Centres de Jour pour Personnes Âgées",
    "designation" : [{
      "use" : {
        "system" : "http://snomed.info/sct",
        "code" : "900000000000013009"
      },
      "value" : "Act.Ctre Jour P.A."
    }],
    "property" : [{
      "code" : "dateValid",
      "valueDateTime" : "2021-11-26T12:00:00+01:00"
    },
    {
      "code" : "dateFin",
      "valueDateTime" : "2021-11-26T12:00:00+01:00"
    },
    {
      "code" : "dateMaj",
      "valueDateTime" : "2021-11-26T12:00:00+01:00"
    }]
  },
  {
    "code" : "356",
    "display" : "Aide Ménagère à Domicile",
    "designation" : [{
      "use" : {
        "system" : "http://snomed.info/sct",
        "code" : "900000000000013009"
      },
      "value" : "Aide Ménagère à Domi"
    }],
    "property" : [{
      "code" : "dateValid",
      "valueDateTime" : "2021-11-26T12:00:00+01:00"
    },
    {
      "code" : "dateFin",
      "valueDateTime" : "2021-11-26T12:00:00+01:00"
    },
    {
      "code" : "dateMaj",
      "valueDateTime" : "2021-11-26T12:00:00+01:00"
    }]
  },
  {
    "code" : "357",
    "display" : "Activité soins d'accompagnement et de réhabilitation",
    "designation" : [{
      "use" : {
        "system" : "http://snomed.info/sct",
        "code" : "900000000000013009"
      },
      "value" : "Act.Soins.Accomp.Réh"
    }],
    "property" : [{
      "code" : "dateValid",
      "valueDateTime" : "2018-10-26T12:00:00+01:00"
    },
    {
      "code" : "dateMaj",
      "valueDateTime" : "2018-10-26T12:00:00+01:00"
    }]
  },
  {
    "code" : "358",
    "display" : "Soins infirmiers à Domicile",
    "designation" : [{
      "use" : {
        "system" : "http://snomed.info/sct",
        "code" : "900000000000013009"
      },
      "value" : "Soins à Domicile"
    }],
    "property" : [{
      "code" : "dateValid",
      "valueDateTime" : "2018-10-26T12:00:00+01:00"
    },
    {
      "code" : "dateMaj",
      "valueDateTime" : "2018-10-26T12:00:00+01:00"
    }]
  },
  {
    "code" : "359",
    "display" : "Repas à Domicile",
    "property" : [{
      "code" : "dateValid",
      "valueDateTime" : "2018-10-26T12:00:00+01:00"
    },
    {
      "code" : "dateMaj",
      "valueDateTime" : "2018-10-26T12:00:00+01:00"
    }]
  },
  {
    "code" : "360",
    "display" : "Blanchisserie à Domicile",
    "designation" : [{
      "use" : {
        "system" : "http://snomed.info/sct",
        "code" : "900000000000013009"
      },
      "value" : "Blanch. à Domicile"
    }],
    "property" : [{
      "code" : "dateValid",
      "valueDateTime" : "2018-10-26T12:00:00+01:00"
    },
    {
      "code" : "dateMaj",
      "valueDateTime" : "2018-10-26T12:00:00+01:00"
    }]
  },
  {
    "code" : "365",
    "display" : "Alarme Médico-Sociale",
    "designation" : [{
      "use" : {
        "system" : "http://snomed.info/sct",
        "code" : "900000000000013009"
      },
      "value" : "Alarme Médico-Social"
    }],
    "property" : [{
      "code" : "dateValid",
      "valueDateTime" : "2018-10-26T12:00:00+01:00"
    },
    {
      "code" : "dateMaj",
      "valueDateTime" : "2018-10-26T12:00:00+01:00"
    }]
  },
  {
    "code" : "377",
    "display" : "Stationnement Pour Nomades",
    "designation" : [{
      "use" : {
        "system" : "http://snomed.info/sct",
        "code" : "900000000000013009"
      },
      "value" : "Station. Nomades"
    }],
    "property" : [{
      "code" : "dateValid",
      "valueDateTime" : "2018-10-26T12:00:00+01:00"
    },
    {
      "code" : "dateMaj",
      "valueDateTime" : "2018-10-26T12:00:00+01:00"
    }]
  },
  {
    "code" : "380",
    "display" : "Mesure judiciaire aide gestion budget familial",
    "designation" : [{
      "use" : {
        "system" : "http://snomed.info/sct",
        "code" : "900000000000013009"
      },
      "value" : "Mesure jud.aid. bud."
    }],
    "property" : [{
      "code" : "dateValid",
      "valueDateTime" : "2018-10-26T12:00:00+01:00"
    },
    {
      "code" : "dateMaj",
      "valueDateTime" : "2018-10-26T12:00:00+01:00"
    }]
  },
  {
    "code" : "381",
    "display" : "Héberg. non médicalisé de patients, accompagnants, aidants",
    "designation" : [{
      "use" : {
        "system" : "http://snomed.info/sct",
        "code" : "900000000000013009"
      },
      "value" : "Héb.patient.accomp."
    }],
    "property" : [{
      "code" : "dateValid",
      "valueDateTime" : "2018-10-26T12:00:00+01:00"
    },
    {
      "code" : "dateMaj",
      "valueDateTime" : "2018-10-26T12:00:00+01:00"
    }]
  },
  {
    "code" : "382",
    "display" : "Tutelle aux Prestations Sociales",
    "designation" : [{
      "use" : {
        "system" : "http://snomed.info/sct",
        "code" : "900000000000013009"
      },
      "value" : "Tutelle Prest.Soc."
    }],
    "property" : [{
      "code" : "dateValid",
      "valueDateTime" : "2018-10-26T12:00:00+01:00"
    },
    {
      "code" : "dateMaj",
      "valueDateTime" : "2018-10-26T12:00:00+01:00"
    }]
  },
  {
    "code" : "383",
    "display" : "Activité Serv. Travailleuses Familiales",
    "designation" : [{
      "use" : {
        "system" : "http://snomed.info/sct",
        "code" : "900000000000013009"
      },
      "value" : "Act.Serv.Trav.Fam."
    }],
    "property" : [{
      "code" : "dateValid",
      "valueDateTime" : "2018-10-26T12:00:00+01:00"
    },
    {
      "code" : "dateFin",
      "valueDateTime" : "2021-11-26T12:00:00+01:00"
    },
    {
      "code" : "dateMaj",
      "valueDateTime" : "2021-11-26T12:00:00+01:00"
    }]
  },
  {
    "code" : "398",
    "display" : "Placement Familial Spécialisé Pr Adultes Handicapés",
    "designation" : [{
      "use" : {
        "system" : "http://snomed.info/sct",
        "code" : "900000000000013009"
      },
      "value" : "Plac.Fam.Spé.Adul.H."
    }],
    "property" : [{
      "code" : "dateValid",
      "valueDateTime" : "2021-11-26T12:00:00+01:00"
    },
    {
      "code" : "dateFin",
      "valueDateTime" : "2021-11-26T12:00:00+01:00"
    },
    {
      "code" : "dateMaj",
      "valueDateTime" : "2021-11-26T12:00:00+01:00"
    }]
  },
  {
    "code" : "399",
    "display" : "Préorientation pour Adultes handicapés",
    "designation" : [{
      "use" : {
        "system" : "http://snomed.info/sct",
        "code" : "900000000000013009"
      },
      "value" : "Préorient. Adul.Hand"
    }],
    "property" : [{
      "code" : "dateValid",
      "valueDateTime" : "2018-10-26T12:00:00+01:00"
    },
    {
      "code" : "dateMaj",
      "valueDateTime" : "2018-10-26T12:00:00+01:00"
    }]
  },
  {
    "code" : "400",
    "display" : "Préparation et Suite du Reclassement",
    "designation" : [{
      "use" : {
        "system" : "http://snomed.info/sct",
        "code" : "900000000000013009"
      },
      "value" : "Prép.Suite Reclass."
    }],
    "property" : [{
      "code" : "dateValid",
      "valueDateTime" : "2021-11-26T12:00:00+01:00"
    },
    {
      "code" : "dateFin",
      "valueDateTime" : "2021-11-26T12:00:00+01:00"
    },
    {
      "code" : "dateMaj",
      "valueDateTime" : "2021-11-26T12:00:00+01:00"
    }]
  },
  {
    "code" : "410",
    "display" : "Information,conseil, expertise, coordination",
    "designation" : [{
      "use" : {
        "system" : "http://snomed.info/sct",
        "code" : "900000000000013009"
      },
      "value" : "ICEC"
    }],
    "property" : [{
      "code" : "dateValid",
      "valueDateTime" : "2018-10-26T12:00:00+01:00"
    },
    {
      "code" : "dateMaj",
      "valueDateTime" : "2018-10-26T12:00:00+01:00"
    }]
  },
  {
    "code" : "411",
    "display" : "Evaluation des situations des personnes",
    "designation" : [{
      "use" : {
        "system" : "http://snomed.info/sct",
        "code" : "900000000000013009"
      },
      "value" : "Eval situation"
    }],
    "property" : [{
      "code" : "dateValid",
      "valueDateTime" : "2018-10-26T12:00:00+01:00"
    },
    {
      "code" : "dateMaj",
      "valueDateTime" : "2018-10-26T12:00:00+01:00"
    }]
  },
  {
    "code" : "412",
    "display" : "Centre de ressources territorial",
    "designation" : [{
      "use" : {
        "system" : "http://snomed.info/sct",
        "code" : "900000000000013009"
      },
      "value" : "C.R.T"
    },
    {
      "use" : {
        "system" : "http://snomed.info/sct",
        "code" : "900000000000013009"
      },
      "value" : "Centre de ressources territorial pour les personnes âgées"
    }],
    "property" : [{
      "code" : "dateValid",
      "valueDateTime" : "2022-09-22T00:00:00+01:00"
    },
    {
      "code" : "dateMaj",
      "valueDateTime" : "2022-09-22T00:00:00+01:00"
    }]
  },
  {
    "code" : "442",
    "display" : "Veille sociale",
    "property" : [{
      "code" : "dateValid",
      "valueDateTime" : "2018-10-26T12:00:00+01:00"
    },
    {
      "code" : "dateMaj",
      "valueDateTime" : "2018-10-26T12:00:00+01:00"
    }]
  },
  {
    "code" : "443",
    "display" : "Soutien et accompagnement social",
    "designation" : [{
      "use" : {
        "system" : "http://snomed.info/sct",
        "code" : "900000000000013009"
      },
      "value" : "Soutien accomp soc"
    }],
    "property" : [{
      "code" : "dateValid",
      "valueDateTime" : "2018-10-26T12:00:00+01:00"
    },
    {
      "code" : "dateMaj",
      "valueDateTime" : "2018-10-26T12:00:00+01:00"
    }]
  },
  {
    "code" : "445",
    "display" : "Aide Psychopédagogique",
    "designation" : [{
      "use" : {
        "system" : "http://snomed.info/sct",
        "code" : "900000000000013009"
      },
      "value" : "Aide Psycho-Pédagog."
    }],
    "property" : [{
      "code" : "dateValid",
      "valueDateTime" : "2018-10-26T12:00:00+01:00"
    },
    {
      "code" : "dateMaj",
      "valueDateTime" : "2018-10-26T12:00:00+01:00"
    }]
  },
  {
    "code" : "469",
    "display" : "Aide à Domicile",
    "property" : [{
      "code" : "dateValid",
      "valueDateTime" : "2018-10-26T12:00:00+01:00"
    },
    {
      "code" : "dateMaj",
      "valueDateTime" : "2018-10-26T12:00:00+01:00"
    }]
  },
  {
    "code" : "506",
    "display" : "Evaluat réentraînem orientat soc. et socioprof cérébro-lésés",
    "designation" : [{
      "use" : {
        "system" : "http://snomed.info/sct",
        "code" : "900000000000013009"
      },
      "value" : "Eval. Orient. cérébr"
    }],
    "property" : [{
      "code" : "dateValid",
      "valueDateTime" : "2018-10-26T12:00:00+01:00"
    },
    {
      "code" : "dateMaj",
      "valueDateTime" : "2018-10-26T12:00:00+01:00"
    }]
  },
  {
    "code" : "507",
    "display" : "Hébergement médico soc personnes en difficultés spécifiques",
    "designation" : [{
      "use" : {
        "system" : "http://snomed.info/sct",
        "code" : "900000000000013009"
      },
      "value" : "Héberg diff specif"
    }],
    "property" : [{
      "code" : "dateValid",
      "valueDateTime" : "2018-10-26T12:00:00+01:00"
    },
    {
      "code" : "dateMaj",
      "valueDateTime" : "2018-10-26T12:00:00+01:00"
    }]
  },
  {
    "code" : "508",
    "display" : "Accueil orientation soins accompagnement diff spécifiques",
    "designation" : [{
      "use" : {
        "system" : "http://snomed.info/sct",
        "code" : "900000000000013009"
      },
      "value" : "AOSA diff specif"
    }],
    "property" : [{
      "code" : "dateValid",
      "valueDateTime" : "2018-10-26T12:00:00+01:00"
    },
    {
      "code" : "dateMaj",
      "valueDateTime" : "2018-10-26T12:00:00+01:00"
    }]
  },
  {
    "code" : "509",
    "display" : "Accompagnement à la vie sociale des adultes handicapés",
    "designation" : [{
      "use" : {
        "system" : "http://snomed.info/sct",
        "code" : "900000000000013009"
      },
      "value" : "AVSAH"
    }],
    "property" : [{
      "code" : "dateValid",
      "valueDateTime" : "2018-10-26T12:00:00+01:00"
    },
    {
      "code" : "dateFin",
      "valueDateTime" : "2021-11-26T12:00:00+01:00"
    },
    {
      "code" : "dateMaj",
      "valueDateTime" : "2021-11-26T12:00:00+01:00"
    }]
  },
  {
    "code" : "510",
    "display" : "Accompagnement médico social des adultes handicapés",
    "designation" : [{
      "use" : {
        "system" : "http://snomed.info/sct",
        "code" : "900000000000013009"
      },
      "value" : "AMSAH"
    }],
    "property" : [{
      "code" : "dateValid",
      "valueDateTime" : "2018-10-26T12:00:00+01:00"
    },
    {
      "code" : "dateFin",
      "valueDateTime" : "2021-11-26T12:00:00+01:00"
    },
    {
      "code" : "dateMaj",
      "valueDateTime" : "2021-11-26T12:00:00+01:00"
    }]
  },
  {
    "code" : "511",
    "display" : "Equipe mobile santé précarité",
    "designation" : [{
      "use" : {
        "system" : "http://snomed.info/sct",
        "code" : "900000000000013009"
      },
      "value" : "E.M.S.P"
    }],
    "property" : [{
      "code" : "dateValid",
      "valueDateTime" : "2022-03-25T12:00:00+01:00"
    },
    {
      "code" : "dateMaj",
      "valueDateTime" : "2022-03-25T12:00:00+01:00"
    }]
  },
  {
    "code" : "512",
    "display" : "Equipe spécialisée de soins infirmiers précarité",
    "designation" : [{
      "use" : {
        "system" : "http://snomed.info/sct",
        "code" : "900000000000013009"
      },
      "value" : "E.S.S.I.P"
    }],
    "property" : [{
      "code" : "dateValid",
      "valueDateTime" : "2022-03-25T12:00:00+01:00"
    },
    {
      "code" : "dateMaj",
      "valueDateTime" : "2022-03-25T12:00:00+01:00"
    }]
  },
  {
    "code" : "520",
    "display" : "Tutelle curatelle mandat spécial sauvegarde justice pers maj",
    "designation" : [{
      "use" : {
        "system" : "http://snomed.info/sct",
        "code" : "900000000000013009"
      },
      "value" : "Tutelle curatelle"
    }],
    "property" : [{
      "code" : "dateValid",
      "valueDateTime" : "2018-10-26T12:00:00+01:00"
    },
    {
      "code" : "dateMaj",
      "valueDateTime" : "2018-10-26T12:00:00+01:00"
    }]
  },
  {
    "code" : "521",
    "display" : "Mesure d'accompagnement judiciaire",
    "designation" : [{
      "use" : {
        "system" : "http://snomed.info/sct",
        "code" : "900000000000013009"
      },
      "value" : "Mesure acc judic"
    }],
    "property" : [{
      "code" : "dateValid",
      "valueDateTime" : "2018-10-26T12:00:00+01:00"
    },
    {
      "code" : "dateMaj",
      "valueDateTime" : "2018-10-26T12:00:00+01:00"
    }]
  },
  {
    "code" : "522",
    "display" : "Mesure d'accompagnement social personnalisé",
    "designation" : [{
      "use" : {
        "system" : "http://snomed.info/sct",
        "code" : "900000000000013009"
      },
      "value" : "Mesure acc soc perso"
    }],
    "property" : [{
      "code" : "dateValid",
      "valueDateTime" : "2018-10-26T12:00:00+01:00"
    },
    {
      "code" : "dateMaj",
      "valueDateTime" : "2018-10-26T12:00:00+01:00"
    }]
  },
  {
    "code" : "523",
    "display" : "Information des tuteurs familiaux",
    "designation" : [{
      "use" : {
        "system" : "http://snomed.info/sct",
        "code" : "900000000000013009"
      },
      "value" : "Info tuteurs famil"
    }],
    "property" : [{
      "code" : "dateValid",
      "valueDateTime" : "2018-10-26T12:00:00+01:00"
    },
    {
      "code" : "dateMaj",
      "valueDateTime" : "2018-10-26T12:00:00+01:00"
    }]
  },
  {
    "code" : "569",
    "display" : "Centre de Vie pour Cas lourds",
    "designation" : [{
      "use" : {
        "system" : "http://snomed.info/sct",
        "code" : "900000000000013009"
      },
      "value" : "Héb.Ctre Vie C.Lourd"
    }],
    "property" : [{
      "code" : "dateValid",
      "valueDateTime" : "2021-11-26T12:00:00+01:00"
    },
    {
      "code" : "dateFin",
      "valueDateTime" : "2021-11-26T12:00:00+01:00"
    },
    {
      "code" : "dateMaj",
      "valueDateTime" : "2021-11-26T12:00:00+01:00"
    }]
  },
  {
    "code" : "589",
    "display" : "Tutelle d'État",
    "designation" : [{
      "use" : {
        "system" : "http://snomed.info/sct",
        "code" : "900000000000013009"
      },
      "value" : "Tutelle d'Etat"
    }],
    "property" : [{
      "code" : "dateValid",
      "valueDateTime" : "2021-11-26T12:00:00+01:00"
    },
    {
      "code" : "dateFin",
      "valueDateTime" : "2021-11-26T12:00:00+01:00"
    },
    {
      "code" : "dateMaj",
      "valueDateTime" : "2021-11-26T12:00:00+01:00"
    }]
  },
  {
    "code" : "633",
    "display" : "Services expérimentaux en faveur des personnes âgées",
    "designation" : [{
      "use" : {
        "system" : "http://snomed.info/sct",
        "code" : "900000000000013009"
      },
      "value" : "Serv expérim PA"
    }],
    "property" : [{
      "code" : "dateValid",
      "valueDateTime" : "2018-10-26T12:00:00+01:00"
    },
    {
      "code" : "dateMaj",
      "valueDateTime" : "2018-10-26T12:00:00+01:00"
    }]
  },
  {
    "code" : "650",
    "display" : "Accueil temporaire enfants handicapés",
    "designation" : [{
      "use" : {
        "system" : "http://snomed.info/sct",
        "code" : "900000000000013009"
      },
      "value" : "Acc temporaire EH"
    }],
    "property" : [{
      "code" : "dateValid",
      "valueDateTime" : "2018-10-26T12:00:00+01:00"
    },
    {
      "code" : "dateFin",
      "valueDateTime" : "2021-11-26T12:00:00+01:00"
    },
    {
      "code" : "dateMaj",
      "valueDateTime" : "2021-11-26T12:00:00+01:00"
    }]
  },
  {
    "code" : "654",
    "display" : "Hébergement Spécialisé Pr Enfants et Adolescents Handicapés",
    "designation" : [{
      "use" : {
        "system" : "http://snomed.info/sct",
        "code" : "900000000000013009"
      },
      "value" : "Héb.spéc.Enf.Ado.Han"
    }],
    "property" : [{
      "code" : "dateValid",
      "valueDateTime" : "2018-10-26T12:00:00+01:00"
    },
    {
      "code" : "dateFin",
      "valueDateTime" : "2021-11-26T12:00:00+01:00"
    },
    {
      "code" : "dateMaj",
      "valueDateTime" : "2021-11-26T12:00:00+01:00"
    }]
  },
  {
    "code" : "655",
    "display" : "Prestation de Service Pr Association",
    "designation" : [{
      "use" : {
        "system" : "http://snomed.info/sct",
        "code" : "900000000000013009"
      },
      "value" : "Prest.Serv.Associat."
    }],
    "property" : [{
      "code" : "dateValid",
      "valueDateTime" : "2018-10-26T12:00:00+01:00"
    },
    {
      "code" : "dateMaj",
      "valueDateTime" : "2018-10-26T12:00:00+01:00"
    }]
  },
  {
    "code" : "656",
    "display" : "Garde et Observation en Jardin Enfants Spéc.Enf.Handicapés",
    "designation" : [{
      "use" : {
        "system" : "http://snomed.info/sct",
        "code" : "900000000000013009"
      },
      "value" : "Gard.Obs.Jard.Enf.H."
    }],
    "property" : [{
      "code" : "dateValid",
      "valueDateTime" : "2018-10-26T12:00:00+01:00"
    },
    {
      "code" : "dateFin",
      "valueDateTime" : "2021-11-26T12:00:00+01:00"
    },
    {
      "code" : "dateMaj",
      "valueDateTime" : "2021-11-26T12:00:00+01:00"
    }]
  },
  {
    "code" : "657",
    "display" : "Accueil temporaire pour Personnes Âgées",
    "designation" : [{
      "use" : {
        "system" : "http://snomed.info/sct",
        "code" : "900000000000013009"
      },
      "value" : "Acc temporaire PA"
    }],
    "property" : [{
      "code" : "dateValid",
      "valueDateTime" : "2018-10-26T12:00:00+01:00"
    },
    {
      "code" : "dateMaj",
      "valueDateTime" : "2018-10-26T12:00:00+01:00"
    }]
  },
  {
    "code" : "658",
    "display" : "Accueil temporaire pour adultes handicapés",
    "designation" : [{
      "use" : {
        "system" : "http://snomed.info/sct",
        "code" : "900000000000013009"
      },
      "value" : "Acc temporaire AH"
    }],
    "property" : [{
      "code" : "dateValid",
      "valueDateTime" : "2018-10-26T12:00:00+01:00"
    },
    {
      "code" : "dateFin",
      "valueDateTime" : "2021-11-26T12:00:00+01:00"
    },
    {
      "code" : "dateMaj",
      "valueDateTime" : "2021-11-26T12:00:00+01:00"
    }]
  },
  {
    "code" : "659",
    "display" : "Accueil temporaire pour adultes handicapés",
    "designation" : [{
      "use" : {
        "system" : "http://snomed.info/sct",
        "code" : "900000000000013009"
      },
      "value" : "hebgt.Resid.Pour per"
    },
    {
      "use" : {
        "system" : "http://snomed.info/sct",
        "code" : "900000000000013009"
      },
      "value" : "Hébergement en résidence pour personnes âgées"
    }],
    "property" : [{
      "code" : "dateValid",
      "valueDateTime" : "2023-01-27T12:00:00+01:00"
    },
    {
      "code" : "dateFin",
      "valueDateTime" : "2023-01-27T12:00:00+01:00"
    },
    {
      "code" : "dateMaj",
      "valueDateTime" : "2023-01-27T12:00:00+01:00"
    }]
  },
  {
    "code" : "660",
    "display" : "Réalisation d'Enquêtes sociales",
    "designation" : [{
      "use" : {
        "system" : "http://snomed.info/sct",
        "code" : "900000000000013009"
      },
      "value" : "Réalis.Enquêt.Social"
    }],
    "property" : [{
      "code" : "dateValid",
      "valueDateTime" : "2018-10-26T12:00:00+01:00"
    },
    {
      "code" : "dateMaj",
      "valueDateTime" : "2018-10-26T12:00:00+01:00"
    }]
  },
  {
    "code" : "661",
    "display" : "Permanence des Assistants de Service Social",
    "designation" : [{
      "use" : {
        "system" : "http://snomed.info/sct",
        "code" : "900000000000013009"
      },
      "value" : "Perman. Serv.Social"
    }],
    "property" : [{
      "code" : "dateValid",
      "valueDateTime" : "2018-10-26T12:00:00+01:00"
    },
    {
      "code" : "dateMaj",
      "valueDateTime" : "2018-10-26T12:00:00+01:00"
    }]
  },
  {
    "code" : "691",
    "display" : "Services expérimentaux en faveur des adultes handicapés",
    "designation" : [{
      "use" : {
        "system" : "http://snomed.info/sct",
        "code" : "900000000000013009"
      },
      "value" : "Serv experim AH"
    }],
    "property" : [{
      "code" : "dateValid",
      "valueDateTime" : "2018-10-26T12:00:00+01:00"
    },
    {
      "code" : "dateFin",
      "valueDateTime" : "2021-11-26T12:00:00+01:00"
    },
    {
      "code" : "dateMaj",
      "valueDateTime" : "2021-11-26T12:00:00+01:00"
    }]
  },
  {
    "code" : "695",
    "display" : "Auxiliaires de Vie pour Handicapés",
    "designation" : [{
      "use" : {
        "system" : "http://snomed.info/sct",
        "code" : "900000000000013009"
      },
      "value" : "Auxil.de Vie pr Hand"
    }],
    "property" : [{
      "code" : "dateValid",
      "valueDateTime" : "2021-11-26T12:00:00+01:00"
    },
    {
      "code" : "dateFin",
      "valueDateTime" : "2021-11-26T12:00:00+01:00"
    },
    {
      "code" : "dateMaj",
      "valueDateTime" : "2021-11-26T12:00:00+01:00"
    }]
  },
  {
    "code" : "697",
    "display" : "Intermédiaire de placement Social",
    "designation" : [{
      "use" : {
        "system" : "http://snomed.info/sct",
        "code" : "900000000000013009"
      },
      "value" : "Interm. Plac.Social"
    }],
    "property" : [{
      "code" : "dateValid",
      "valueDateTime" : "2018-10-26T12:00:00+01:00"
    },
    {
      "code" : "dateMaj",
      "valueDateTime" : "2018-10-26T12:00:00+01:00"
    }]
  },
  {
    "code" : "714",
    "display" : "Recherche dans Domaine Social",
    "designation" : [{
      "use" : {
        "system" : "http://snomed.info/sct",
        "code" : "900000000000013009"
      },
      "value" : "Recherche Dom.Social"
    }],
    "property" : [{
      "code" : "dateValid",
      "valueDateTime" : "2018-10-26T12:00:00+01:00"
    },
    {
      "code" : "dateMaj",
      "valueDateTime" : "2018-10-26T12:00:00+01:00"
    }]
  },
  {
    "code" : "836",
    "display" : "Préparation à la Vie Sociale pour Adolescents Handicapés",
    "designation" : [{
      "use" : {
        "system" : "http://snomed.info/sct",
        "code" : "900000000000013009"
      },
      "value" : "Prép.Vie Soc.Ado.Han"
    }],
    "property" : [{
      "code" : "dateValid",
      "valueDateTime" : "2018-10-26T12:00:00+01:00"
    },
    {
      "code" : "dateFin",
      "valueDateTime" : "2021-11-26T12:00:00+01:00"
    },
    {
      "code" : "dateMaj",
      "valueDateTime" : "2021-11-26T12:00:00+01:00"
    }]
  },
  {
    "code" : "837",
    "display" : "Evaluat.réentraînem.orientat. scolaire cérébro-lésés",
    "designation" : [{
      "use" : {
        "system" : "http://snomed.info/sct",
        "code" : "900000000000013009"
      },
      "value" : "Eval. Scol. cérébro"
    }],
    "property" : [{
      "code" : "dateValid",
      "valueDateTime" : "2018-10-26T12:00:00+01:00"
    },
    {
      "code" : "dateFin",
      "valueDateTime" : "2021-11-26T12:00:00+01:00"
    },
    {
      "code" : "dateMaj",
      "valueDateTime" : "2021-11-26T12:00:00+01:00"
    }]
  },
  {
    "code" : "838",
    "display" : "Accompagement familial éducation précoce Enfants Handicapés",
    "designation" : [{
      "use" : {
        "system" : "http://snomed.info/sct",
        "code" : "900000000000013009"
      },
      "value" : "A.F.E.P. EH"
    }],
    "property" : [{
      "code" : "dateValid",
      "valueDateTime" : "2018-10-26T12:00:00+01:00"
    },
    {
      "code" : "dateFin",
      "valueDateTime" : "2021-11-26T12:00:00+01:00"
    },
    {
      "code" : "dateMaj",
      "valueDateTime" : "2021-11-26T12:00:00+01:00"
    }]
  },
  {
    "code" : "839",
    "display" : "Acquisition, autonomie, intégration scol. Enfants Handicapés",
    "designation" : [{
      "use" : {
        "system" : "http://snomed.info/sct",
        "code" : "900000000000013009"
      },
      "value" : "A.A.I.S. EH"
    }],
    "property" : [{
      "code" : "dateValid",
      "valueDateTime" : "2018-10-26T12:00:00+01:00"
    },
    {
      "code" : "dateFin",
      "valueDateTime" : "2021-11-26T12:00:00+01:00"
    },
    {
      "code" : "dateMaj",
      "valueDateTime" : "2021-11-26T12:00:00+01:00"
    }]
  },
  {
    "code" : "840",
    "display" : "Accompagnement précoce de jeunes enfants",
    "designation" : [{
      "use" : {
        "system" : "http://snomed.info/sct",
        "code" : "900000000000013009"
      },
      "value" : "Acc.Précoce JE"
    }],
    "property" : [{
      "code" : "dateValid",
      "valueDateTime" : "2018-10-26T12:00:00+01:00"
    },
    {
      "code" : "dateMaj",
      "valueDateTime" : "2018-10-26T12:00:00+01:00"
    }]
  },
  {
    "code" : "841",
    "display" : "Acc. dans l'acquisition de l'autonomie et la scolarisation",
    "designation" : [{
      "use" : {
        "system" : "http://snomed.info/sct",
        "code" : "900000000000013009"
      },
      "value" : "A.A.A.S."
    }],
    "property" : [{
      "code" : "dateValid",
      "valueDateTime" : "2018-10-26T12:00:00+01:00"
    },
    {
      "code" : "dateMaj",
      "valueDateTime" : "2018-10-26T12:00:00+01:00"
    }]
  },
  {
    "code" : "842",
    "display" : "Préparation à la vie professionnelle",
    "designation" : [{
      "use" : {
        "system" : "http://snomed.info/sct",
        "code" : "900000000000013009"
      },
      "value" : "Prépa.vie profess."
    }],
    "property" : [{
      "code" : "dateValid",
      "valueDateTime" : "2018-10-26T12:00:00+01:00"
    },
    {
      "code" : "dateMaj",
      "valueDateTime" : "2018-10-26T12:00:00+01:00"
    }]
  },
  {
    "code" : "843",
    "display" : "Accompagnement enseignement supérieur",
    "designation" : [{
      "use" : {
        "system" : "http://snomed.info/sct",
        "code" : "900000000000013009"
      },
      "value" : "Accomp.enseig.supér."
    }],
    "property" : [{
      "code" : "dateValid",
      "valueDateTime" : "2018-10-26T12:00:00+01:00"
    },
    {
      "code" : "dateMaj",
      "valueDateTime" : "2018-10-26T12:00:00+01:00"
    }]
  },
  {
    "code" : "844",
    "display" : "Tous projets éducatifs thérapeutiques et pédagogiques",
    "designation" : [{
      "use" : {
        "system" : "http://snomed.info/sct",
        "code" : "900000000000013009"
      },
      "value" : "Tous projets"
    }],
    "property" : [{
      "code" : "dateValid",
      "valueDateTime" : "2018-10-26T12:00:00+01:00"
    },
    {
      "code" : "dateMaj",
      "valueDateTime" : "2018-10-26T12:00:00+01:00"
    }]
  },
  {
    "code" : "897",
    "display" : "Hébergement ouvert en foyer pour adultes handicapés",
    "designation" : [{
      "use" : {
        "system" : "http://snomed.info/sct",
        "code" : "900000000000013009"
      },
      "value" : "Hebergt ouvert AH"
    }],
    "property" : [{
      "code" : "dateValid",
      "valueDateTime" : "2018-10-26T12:00:00+01:00"
    },
    {
      "code" : "dateFin",
      "valueDateTime" : "2021-11-26T12:00:00+01:00"
    },
    {
      "code" : "dateMaj",
      "valueDateTime" : "2021-11-26T12:00:00+01:00"
    }]
  },
  {
    "code" : "900",
    "display" : "Action Médico-Sociale Précoce",
    "designation" : [{
      "use" : {
        "system" : "http://snomed.info/sct",
        "code" : "900000000000013009"
      },
      "value" : "A.M.S.P EH"
    }],
    "property" : [{
      "code" : "dateValid",
      "valueDateTime" : "2018-10-26T12:00:00+01:00"
    },
    {
      "code" : "dateMaj",
      "valueDateTime" : "2018-10-26T12:00:00+01:00"
    }]
  },
  {
    "code" : "901",
    "display" : "Éducation Générale et Soins Spécialisés Enfants Handicapés",
    "designation" : [{
      "use" : {
        "system" : "http://snomed.info/sct",
        "code" : "900000000000013009"
      },
      "value" : "Educ.Gén.Soin.Sp.E.H"
    }],
    "property" : [{
      "code" : "dateValid",
      "valueDateTime" : "2018-10-26T12:00:00+01:00"
    },
    {
      "code" : "dateFin",
      "valueDateTime" : "2021-11-26T12:00:00+01:00"
    },
    {
      "code" : "dateMaj",
      "valueDateTime" : "2021-11-26T12:00:00+01:00"
    }]
  },
  {
    "code" : "902",
    "display" : "Éducation Profession.& Soins Spécial.Enfants Handicapés",
    "designation" : [{
      "use" : {
        "system" : "http://snomed.info/sct",
        "code" : "900000000000013009"
      },
      "value" : "Educ.Pro.Soin Sp E.H"
    }],
    "property" : [{
      "code" : "dateValid",
      "valueDateTime" : "2018-10-26T12:00:00+01:00"
    },
    {
      "code" : "dateFin",
      "valueDateTime" : "2021-11-26T12:00:00+01:00"
    },
    {
      "code" : "dateMaj",
      "valueDateTime" : "2021-11-26T12:00:00+01:00"
    }]
  },
  {
    "code" : "903",
    "display" : "Éduc.Générale.Profession.& Soins Spécial.Enfants Handicapés",
    "designation" : [{
      "use" : {
        "system" : "http://snomed.info/sct",
        "code" : "900000000000013009"
      },
      "value" : "Ed.Gén.Pro.Soin S EH"
    }],
    "property" : [{
      "code" : "dateValid",
      "valueDateTime" : "2018-10-26T12:00:00+01:00"
    },
    {
      "code" : "dateFin",
      "valueDateTime" : "2021-11-26T12:00:00+01:00"
    },
    {
      "code" : "dateMaj",
      "valueDateTime" : "2021-11-26T12:00:00+01:00"
    }]
  },
  {
    "code" : "904",
    "display" : "Enseignement Général Spécialisé",
    "designation" : [{
      "use" : {
        "system" : "http://snomed.info/sct",
        "code" : "900000000000013009"
      },
      "value" : "Enseig.Gén.Spécial."
    }],
    "property" : [{
      "code" : "dateValid",
      "valueDateTime" : "2021-11-26T12:00:00+01:00"
    },
    {
      "code" : "dateFin",
      "valueDateTime" : "2021-11-26T12:00:00+01:00"
    },
    {
      "code" : "dateMaj",
      "valueDateTime" : "2021-11-26T12:00:00+01:00"
    }]
  },
  {
    "code" : "905",
    "display" : "Enseignement Professionnel Spécialisé",
    "designation" : [{
      "use" : {
        "system" : "http://snomed.info/sct",
        "code" : "900000000000013009"
      },
      "value" : "Enseig.Prof.Spécial."
    }],
    "property" : [{
      "code" : "dateValid",
      "valueDateTime" : "2021-11-26T12:00:00+01:00"
    },
    {
      "code" : "dateFin",
      "valueDateTime" : "2021-11-26T12:00:00+01:00"
    },
    {
      "code" : "dateMaj",
      "valueDateTime" : "2021-11-26T12:00:00+01:00"
    }]
  },
  {
    "code" : "906",
    "display" : "Réadaptation Professionnelle pour Adultes Handicapés",
    "designation" : [{
      "use" : {
        "system" : "http://snomed.info/sct",
        "code" : "900000000000013009"
      },
      "value" : "Réadap.Pro.Adul.Hand"
    }],
    "property" : [{
      "code" : "dateValid",
      "valueDateTime" : "2018-10-26T12:00:00+01:00"
    },
    {
      "code" : "dateMaj",
      "valueDateTime" : "2021-05-28T12:00:00+01:00"
    }]
  },
  {
    "code" : "907",
    "display" : "Adaptation à la vie active",
    "designation" : [{
      "use" : {
        "system" : "http://snomed.info/sct",
        "code" : "900000000000013009"
      },
      "value" : "A.V.A."
    }],
    "property" : [{
      "code" : "dateValid",
      "valueDateTime" : "2018-10-26T12:00:00+01:00"
    },
    {
      "code" : "dateMaj",
      "valueDateTime" : "2018-10-26T12:00:00+01:00"
    }]
  },
  {
    "code" : "908",
    "display" : "Aide par le travail pour Adultes Handicapés",
    "designation" : [{
      "use" : {
        "system" : "http://snomed.info/sct",
        "code" : "900000000000013009"
      },
      "value" : "Aide Trav.Adul.Hand."
    }],
    "property" : [{
      "code" : "dateValid",
      "valueDateTime" : "2018-10-26T12:00:00+01:00"
    },
    {
      "code" : "dateMaj",
      "valueDateTime" : "2018-10-26T12:00:00+01:00"
    }]
  },
  {
    "code" : "909",
    "display" : "Travail protégé pour Adultes Handicapés",
    "designation" : [{
      "use" : {
        "system" : "http://snomed.info/sct",
        "code" : "900000000000013009"
      },
      "value" : "Trav.Prot.Adul.Hand."
    }],
    "property" : [{
      "code" : "dateValid",
      "valueDateTime" : "2018-10-26T12:00:00+01:00"
    },
    {
      "code" : "dateMaj",
      "valueDateTime" : "2018-10-26T12:00:00+01:00"
    }]
  },
  {
    "code" : "910",
    "display" : "Accueil collectif régulier d'enfants d'âge préscolaire",
    "designation" : [{
      "use" : {
        "system" : "http://snomed.info/sct",
        "code" : "900000000000013009"
      },
      "value" : "Acc. Coll.reg. PE"
    }],
    "property" : [{
      "code" : "dateValid",
      "valueDateTime" : "2021-11-26T12:00:00+01:00"
    },
    {
      "code" : "dateFin",
      "valueDateTime" : "2021-11-26T12:00:00+01:00"
    },
    {
      "code" : "dateMaj",
      "valueDateTime" : "2021-11-26T12:00:00+01:00"
    }]
  },
  {
    "code" : "911",
    "display" : "Accueil collectif occasionnel d'enfants d'âge préscolaire",
    "designation" : [{
      "use" : {
        "system" : "http://snomed.info/sct",
        "code" : "900000000000013009"
      },
      "value" : "Acc. Coll Occas. PE."
    }],
    "property" : [{
      "code" : "dateValid",
      "valueDateTime" : "2021-11-26T12:00:00+01:00"
    },
    {
      "code" : "dateFin",
      "valueDateTime" : "2021-11-26T12:00:00+01:00"
    },
    {
      "code" : "dateMaj",
      "valueDateTime" : "2021-11-26T12:00:00+01:00"
    }]
  },
  {
    "code" : "912",
    "display" : "Accueil au titre de la protection de l'enfance",
    "designation" : [{
      "use" : {
        "system" : "http://snomed.info/sct",
        "code" : "900000000000013009"
      },
      "value" : "Acc.Protec.Enfance"
    }],
    "property" : [{
      "code" : "dateValid",
      "valueDateTime" : "2018-10-26T12:00:00+01:00"
    },
    {
      "code" : "dateMaj",
      "valueDateTime" : "2020-06-26T12:00:00+01:00"
    }]
  },
  {
    "code" : "913",
    "display" : "Accueil d'urgence protection de l'enfance",
    "designation" : [{
      "use" : {
        "system" : "http://snomed.info/sct",
        "code" : "900000000000013009"
      },
      "value" : "Acc.Urg.Prot.Enfance"
    }],
    "property" : [{
      "code" : "dateValid",
      "valueDateTime" : "2018-10-26T12:00:00+01:00"
    },
    {
      "code" : "dateMaj",
      "valueDateTime" : "2020-06-26T12:00:00+01:00"
    }]
  },
  {
    "code" : "914",
    "display" : "Accueil temporaire saisonnier ou week-end protection de l'enfance",
    "designation" : [{
      "use" : {
        "system" : "http://snomed.info/sct",
        "code" : "900000000000013009"
      },
      "value" : "Acc.Tmp.Prot.Enfance"
    }],
    "property" : [{
      "code" : "dateValid",
      "valueDateTime" : "2018-10-26T12:00:00+01:00"
    },
    {
      "code" : "dateMaj",
      "valueDateTime" : "2020-06-26T12:00:00+01:00"
    }]
  },
  {
    "code" : "915",
    "display" : "Accueil collectif polyvalent regulier et occasionnel",
    "designation" : [{
      "use" : {
        "system" : "http://snomed.info/sct",
        "code" : "900000000000013009"
      },
      "value" : "Acc.coll reg/occ PE"
    }],
    "property" : [{
      "code" : "dateValid",
      "valueDateTime" : "2021-11-26T12:00:00+01:00"
    },
    {
      "code" : "dateFin",
      "valueDateTime" : "2021-11-26T12:00:00+01:00"
    },
    {
      "code" : "dateMaj",
      "valueDateTime" : "2021-11-26T12:00:00+01:00"
    }]
  },
  {
    "code" : "916",
    "display" : "Hébergement Réadapt. Sociale Pers.Familles en Difficulté",
    "designation" : [{
      "use" : {
        "system" : "http://snomed.info/sct",
        "code" : "900000000000013009"
      },
      "value" : "Héb.Réad.Soc.Fam.Dif"
    }],
    "property" : [{
      "code" : "dateValid",
      "valueDateTime" : "2018-10-26T12:00:00+01:00"
    },
    {
      "code" : "dateMaj",
      "valueDateTime" : "2018-10-26T12:00:00+01:00"
    }]
  },
  {
    "code" : "917",
    "display" : "Accueil spécialisé pour Adultes Handicapés",
    "designation" : [{
      "use" : {
        "system" : "http://snomed.info/sct",
        "code" : "900000000000013009"
      },
      "value" : "Acc.M A S AH"
    }],
    "property" : [{
      "code" : "dateValid",
      "valueDateTime" : "2018-10-26T12:00:00+01:00"
    },
    {
      "code" : "dateFin",
      "valueDateTime" : "2021-11-26T12:00:00+01:00"
    },
    {
      "code" : "dateMaj",
      "valueDateTime" : "2021-11-26T12:00:00+01:00"
    }]
  },
  {
    "code" : "918",
    "display" : "Accueil familial régulier d'enfants d'âge préscolaire",
    "designation" : [{
      "use" : {
        "system" : "http://snomed.info/sct",
        "code" : "900000000000013009"
      },
      "value" : "Acc.fam regulier PE"
    }],
    "property" : [{
      "code" : "dateValid",
      "valueDateTime" : "2021-11-26T12:00:00+01:00"
    },
    {
      "code" : "dateFin",
      "valueDateTime" : "2021-11-26T12:00:00+01:00"
    },
    {
      "code" : "dateMaj",
      "valueDateTime" : "2021-11-26T12:00:00+01:00"
    }]
  },
  {
    "code" : "919",
    "display" : "Accueil familial occasionnel d'enfants d'âge préscolaire",
    "designation" : [{
      "use" : {
        "system" : "http://snomed.info/sct",
        "code" : "900000000000013009"
      },
      "value" : "Acc.fam occasion PE"
    }],
    "property" : [{
      "code" : "dateValid",
      "valueDateTime" : "2021-11-26T12:00:00+01:00"
    },
    {
      "code" : "dateFin",
      "valueDateTime" : "2021-11-26T12:00:00+01:00"
    },
    {
      "code" : "dateMaj",
      "valueDateTime" : "2021-11-26T12:00:00+01:00"
    }]
  },
  {
    "code" : "920",
    "display" : "Hébergement Ouvert en Ets Pr Adultes & Familles",
    "designation" : [{
      "use" : {
        "system" : "http://snomed.info/sct",
        "code" : "900000000000013009"
      },
      "value" : "Héb.Ouv.Adul.& Famil"
    }],
    "property" : [{
      "code" : "dateValid",
      "valueDateTime" : "2018-10-26T12:00:00+01:00"
    },
    {
      "code" : "dateMaj",
      "valueDateTime" : "2018-10-26T12:00:00+01:00"
    }]
  },
  {
    "code" : "921",
    "display" : "Séjours de rupture/distanciation/apaisement",
    "designation" : [{
      "use" : {
        "system" : "http://snomed.info/sct",
        "code" : "900000000000013009"
      },
      "value" : "Séjours de rupture"
    }],
    "property" : [{
      "code" : "dateValid",
      "valueDateTime" : "2020-06-26T12:00:00+01:00"
    },
    {
      "code" : "dateMaj",
      "valueDateTime" : "2020-06-26T12:00:00+01:00"
    }]
  },
  {
    "code" : "922",
    "display" : "Accueil Temporaire d'Urgence Pr Adultes & Familles",
    "designation" : [{
      "use" : {
        "system" : "http://snomed.info/sct",
        "code" : "900000000000013009"
      },
      "value" : "Acc.Temp.Ur.Adul.Fam"
    }],
    "property" : [{
      "code" : "dateValid",
      "valueDateTime" : "2018-10-26T12:00:00+01:00"
    },
    {
      "code" : "dateMaj",
      "valueDateTime" : "2018-10-26T12:00:00+01:00"
    }]
  },
  {
    "code" : "923",
    "display" : "Accueil Temp.Saisonnier ou W E Adultes & Familles",
    "designation" : [{
      "use" : {
        "system" : "http://snomed.info/sct",
        "code" : "900000000000013009"
      },
      "value" : "Acc.Temp.WE Adul.Fam"
    }],
    "property" : [{
      "code" : "dateValid",
      "valueDateTime" : "2018-10-26T12:00:00+01:00"
    },
    {
      "code" : "dateMaj",
      "valueDateTime" : "2018-10-26T12:00:00+01:00"
    }]
  },
  {
    "code" : "924",
    "display" : "Accueil pour Personnes Âgées",
    "designation" : [{
      "use" : {
        "system" : "http://snomed.info/sct",
        "code" : "900000000000013009"
      },
      "value" : "Acc. Personnes Âgées"
    }],
    "property" : [{
      "code" : "dateValid",
      "valueDateTime" : "2018-10-26T12:00:00+01:00"
    },
    {
      "code" : "dateMaj",
      "valueDateTime" : "2018-10-26T12:00:00+01:00"
    }]
  },
  {
    "code" : "925",
    "display" : "Hébergement résidence autonomie personnes âgées seules F1",
    "designation" : [{
      "use" : {
        "system" : "http://snomed.info/sct",
        "code" : "900000000000013009"
      },
      "value" : "Héb.R-A.P.A. F1"
    }],
    "property" : [{
      "code" : "dateValid",
      "valueDateTime" : "2018-10-26T12:00:00+01:00"
    },
    {
      "code" : "dateMaj",
      "valueDateTime" : "2018-10-26T12:00:00+01:00"
    }]
  },
  {
    "code" : "926",
    "display" : "Hébergement résidence autonomie personnes âgées couple F2",
    "designation" : [{
      "use" : {
        "system" : "http://snomed.info/sct",
        "code" : "900000000000013009"
      },
      "value" : "Héb.R-A.P.A. F2"
    }],
    "property" : [{
      "code" : "dateValid",
      "valueDateTime" : "2018-10-26T12:00:00+01:00"
    },
    {
      "code" : "dateMaj",
      "valueDateTime" : "2018-10-26T12:00:00+01:00"
    }]
  },
  {
    "code" : "927",
    "display" : "Hébergement résidence autonomie personnes âgées F1BIS",
    "designation" : [{
      "use" : {
        "system" : "http://snomed.info/sct",
        "code" : "900000000000013009"
      },
      "value" : "Héb.R-A.P.A.F1B."
    }],
    "property" : [{
      "code" : "dateValid",
      "valueDateTime" : "2018-10-26T12:00:00+01:00"
    },
    {
      "code" : "dateMaj",
      "valueDateTime" : "2018-10-26T12:00:00+01:00"
    }]
  },
  {
    "code" : "928",
    "display" : "Observation en Milieu Ouvert Pour Mineurs Justice (O.M.O)",
    "designation" : [{
      "use" : {
        "system" : "http://snomed.info/sct",
        "code" : "900000000000013009"
      },
      "value" : "Obs.Mil.Ouv.Min.Just"
    }],
    "property" : [{
      "code" : "dateValid",
      "valueDateTime" : "2018-10-26T12:00:00+01:00"
    },
    {
      "code" : "dateMaj",
      "valueDateTime" : "2018-10-26T12:00:00+01:00"
    }]
  },
  {
    "code" : "929",
    "display" : "Consultation d'Orientation Pour Mineurs Justice",
    "designation" : [{
      "use" : {
        "system" : "http://snomed.info/sct",
        "code" : "900000000000013009"
      },
      "value" : "Cons.Orient.Min.Just"
    }],
    "property" : [{
      "code" : "dateValid",
      "valueDateTime" : "2018-10-26T12:00:00+01:00"
    },
    {
      "code" : "dateMaj",
      "valueDateTime" : "2018-10-26T12:00:00+01:00"
    }]
  },
  {
    "code" : "930",
    "display" : "Observation Orientation Pour Mineurs Justice",
    "designation" : [{
      "use" : {
        "system" : "http://snomed.info/sct",
        "code" : "900000000000013009"
      },
      "value" : "Obs.Orient.Min.Just."
    }],
    "property" : [{
      "code" : "dateValid",
      "valueDateTime" : "2018-10-26T12:00:00+01:00"
    },
    {
      "code" : "dateMaj",
      "valueDateTime" : "2018-10-26T12:00:00+01:00"
    }]
  },
  {
    "code" : "931",
    "display" : "Suivi Social en Milieu Ouvert",
    "designation" : [{
      "use" : {
        "system" : "http://snomed.info/sct",
        "code" : "900000000000013009"
      },
      "value" : "Suivi Soc.Mil.Ouvert"
    }],
    "property" : [{
      "code" : "dateValid",
      "valueDateTime" : "2018-10-26T12:00:00+01:00"
    },
    {
      "code" : "dateMaj",
      "valueDateTime" : "2018-10-26T12:00:00+01:00"
    }]
  },
  {
    "code" : "932",
    "display" : "Animation de la Vie Sociale",
    "designation" : [{
      "use" : {
        "system" : "http://snomed.info/sct",
        "code" : "900000000000013009"
      },
      "value" : "Anim. Vie Sociale"
    }],
    "property" : [{
      "code" : "dateValid",
      "valueDateTime" : "2018-10-26T12:00:00+01:00"
    },
    {
      "code" : "dateMaj",
      "valueDateTime" : "2018-10-26T12:00:00+01:00"
    }]
  },
  {
    "code" : "933",
    "display" : "Activités de Plein Air",
    "designation" : [{
      "use" : {
        "system" : "http://snomed.info/sct",
        "code" : "900000000000013009"
      },
      "value" : "Activités Plein-Air"
    }],
    "property" : [{
      "code" : "dateValid",
      "valueDateTime" : "2021-11-26T12:00:00+01:00"
    },
    {
      "code" : "dateFin",
      "valueDateTime" : "2021-11-26T12:00:00+01:00"
    },
    {
      "code" : "dateMaj",
      "valueDateTime" : "2021-11-26T12:00:00+01:00"
    }]
  },
  {
    "code" : "934",
    "display" : "Activités liées Aux Vacances",
    "designation" : [{
      "use" : {
        "system" : "http://snomed.info/sct",
        "code" : "900000000000013009"
      },
      "value" : "Act.Liées Vacances"
    }],
    "property" : [{
      "code" : "dateValid",
      "valueDateTime" : "2021-11-26T12:00:00+01:00"
    },
    {
      "code" : "dateFin",
      "valueDateTime" : "2021-11-26T12:00:00+01:00"
    },
    {
      "code" : "dateMaj",
      "valueDateTime" : "2021-11-26T12:00:00+01:00"
    }]
  },
  {
    "code" : "935",
    "display" : "Activités des Établissements Expérimentaux",
    "designation" : [{
      "use" : {
        "system" : "http://snomed.info/sct",
        "code" : "900000000000013009"
      },
      "value" : "Act.Etab.Expériment."
    }],
    "property" : [{
      "code" : "dateValid",
      "valueDateTime" : "2018-10-26T12:00:00+01:00"
    },
    {
      "code" : "dateMaj",
      "valueDateTime" : "2018-10-26T12:00:00+01:00"
    }]
  },
  {
    "code" : "936",
    "display" : "Accueil en Foyer de Vie pour Adultes Handicapés",
    "designation" : [{
      "use" : {
        "system" : "http://snomed.info/sct",
        "code" : "900000000000013009"
      },
      "value" : "Acc.Foyer de Vie AH"
    }],
    "property" : [{
      "code" : "dateValid",
      "valueDateTime" : "2018-10-26T12:00:00+01:00"
    },
    {
      "code" : "dateFin",
      "valueDateTime" : "2021-11-26T12:00:00+01:00"
    },
    {
      "code" : "dateMaj",
      "valueDateTime" : "2021-11-26T12:00:00+01:00"
    }]
  },
  {
    "code" : "937",
    "display" : "Réinsertion Par l'Économie",
    "designation" : [{
      "use" : {
        "system" : "http://snomed.info/sct",
        "code" : "900000000000013009"
      },
      "value" : "Réinsertion Economie"
    }],
    "property" : [{
      "code" : "dateValid",
      "valueDateTime" : "2018-10-26T12:00:00+01:00"
    },
    {
      "code" : "dateMaj",
      "valueDateTime" : "2018-10-26T12:00:00+01:00"
    }]
  },
  {
    "code" : "938",
    "display" : "Hébergement en Hospice",
    "designation" : [{
      "use" : {
        "system" : "http://snomed.info/sct",
        "code" : "900000000000013009"
      },
      "value" : "Hébergement Hospice"
    }],
    "property" : [{
      "code" : "dateValid",
      "valueDateTime" : "2021-11-26T12:00:00+01:00"
    },
    {
      "code" : "dateFin",
      "valueDateTime" : "2021-11-26T12:00:00+01:00"
    },
    {
      "code" : "dateMaj",
      "valueDateTime" : "2021-11-26T12:00:00+01:00"
    }]
  },
  {
    "code" : "939",
    "display" : "Accueil médicalisé pour adultes handicapés",
    "designation" : [{
      "use" : {
        "system" : "http://snomed.info/sct",
        "code" : "900000000000013009"
      },
      "value" : "Acc médicalisé AH"
    }],
    "property" : [{
      "code" : "dateValid",
      "valueDateTime" : "2018-10-26T12:00:00+01:00"
    },
    {
      "code" : "dateFin",
      "valueDateTime" : "2021-11-26T12:00:00+01:00"
    },
    {
      "code" : "dateMaj",
      "valueDateTime" : "2021-11-26T12:00:00+01:00"
    }]
  },
  {
    "code" : "941",
    "display" : "Maisons Relais - Résidence Accueil",
    "designation" : [{
      "use" : {
        "system" : "http://snomed.info/sct",
        "code" : "900000000000013009"
      },
      "value" : "Mais.Rel.Résid.Accu"
    }],
    "property" : [{
      "code" : "dateValid",
      "valueDateTime" : "2018-10-26T12:00:00+01:00"
    },
    {
      "code" : "dateMaj",
      "valueDateTime" : "2018-10-26T12:00:00+01:00"
    }]
  },
  {
    "code" : "942",
    "display" : "Maisons Relais pour Personnes Vieillissantes",
    "designation" : [{
      "use" : {
        "system" : "http://snomed.info/sct",
        "code" : "900000000000013009"
      },
      "value" : "Mais.Rel.Pers.Vieill"
    }],
    "property" : [{
      "code" : "dateValid",
      "valueDateTime" : "2018-10-26T12:00:00+01:00"
    },
    {
      "code" : "dateMaj",
      "valueDateTime" : "2018-10-26T12:00:00+01:00"
    }]
  },
  {
    "code" : "943",
    "display" : "Maisons Relais \"Classique\"",
    "designation" : [{
      "use" : {
        "system" : "http://snomed.info/sct",
        "code" : "900000000000013009"
      },
      "value" : "Mais.Rel.Classique"
    }],
    "property" : [{
      "code" : "dateValid",
      "valueDateTime" : "2018-10-26T12:00:00+01:00"
    },
    {
      "code" : "dateMaj",
      "valueDateTime" : "2018-10-26T12:00:00+01:00"
    }]
  },
  {
    "code" : "944",
    "display" : "Résidences Sociales ex Foyer Jeunes Travailleurs",
    "designation" : [{
      "use" : {
        "system" : "http://snomed.info/sct",
        "code" : "900000000000013009"
      },
      "value" : "Résid.Soc. ex FJT"
    }],
    "property" : [{
      "code" : "dateValid",
      "valueDateTime" : "2018-10-26T12:00:00+01:00"
    },
    {
      "code" : "dateMaj",
      "valueDateTime" : "2018-10-26T12:00:00+01:00"
    }]
  },
  {
    "code" : "945",
    "display" : "Résidences Sociales ex Foyers Travailleurs Migrants",
    "designation" : [{
      "use" : {
        "system" : "http://snomed.info/sct",
        "code" : "900000000000013009"
      },
      "value" : "Résid.Soc. ex FTM"
    }],
    "property" : [{
      "code" : "dateValid",
      "valueDateTime" : "2018-10-26T12:00:00+01:00"
    },
    {
      "code" : "dateMaj",
      "valueDateTime" : "2018-10-26T12:00:00+01:00"
    }]
  },
  {
    "code" : "946",
    "display" : "Résidences Sociales créées ex Nihilo",
    "designation" : [{
      "use" : {
        "system" : "http://snomed.info/sct",
        "code" : "900000000000013009"
      },
      "value" : "Résid.Soc. ex Nihilo"
    }],
    "property" : [{
      "code" : "dateValid",
      "valueDateTime" : "2018-10-26T12:00:00+01:00"
    },
    {
      "code" : "dateMaj",
      "valueDateTime" : "2018-10-26T12:00:00+01:00"
    }]
  },
  {
    "code" : "947",
    "display" : "Résidence sociale FJT",
    "designation" : [{
      "use" : {
        "system" : "http://snomed.info/sct",
        "code" : "900000000000013009"
      },
      "value" : "Résidence soc. FJT"
    }],
    "property" : [{
      "code" : "dateValid",
      "valueDateTime" : "2018-10-26T12:00:00+01:00"
    },
    {
      "code" : "dateMaj",
      "valueDateTime" : "2018-10-26T12:00:00+01:00"
    }]
  },
  {
    "code" : "948",
    "display" : "C.H.R.S. Hors les murs",
    "property" : [{
      "code" : "dateValid",
      "valueDateTime" : "2020-06-26T12:00:00+01:00"
    },
    {
      "code" : "dateMaj",
      "valueDateTime" : "2020-06-26T12:00:00+01:00"
    }]
  },
  {
    "code" : "957",
    "display" : "Hébergement d'insertion Adultes,Familles Difficulté",
    "designation" : [{
      "use" : {
        "system" : "http://snomed.info/sct",
        "code" : "900000000000013009"
      },
      "value" : "Héb.Insertion Diffi."
    }],
    "property" : [{
      "code" : "dateValid",
      "valueDateTime" : "2018-10-26T12:00:00+01:00"
    },
    {
      "code" : "dateMaj",
      "valueDateTime" : "2018-10-26T12:00:00+01:00"
    }]
  },
  {
    "code" : "958",
    "display" : "Hébergement de Stabilisation Adultes,familles Difficulté",
    "designation" : [{
      "use" : {
        "system" : "http://snomed.info/sct",
        "code" : "900000000000013009"
      },
      "value" : "Héb.Stabilisation Di"
    }],
    "property" : [{
      "code" : "dateValid",
      "valueDateTime" : "2018-10-26T12:00:00+01:00"
    },
    {
      "code" : "dateMaj",
      "valueDateTime" : "2018-10-26T12:00:00+01:00"
    }]
  },
  {
    "code" : "959",
    "display" : "Hébergement d'Urgence Adultes, Familles Difficulté",
    "designation" : [{
      "use" : {
        "system" : "http://snomed.info/sct",
        "code" : "900000000000013009"
      },
      "value" : "Héb.Urgence Diffi."
    }],
    "property" : [{
      "code" : "dateValid",
      "valueDateTime" : "2018-10-26T12:00:00+01:00"
    },
    {
      "code" : "dateMaj",
      "valueDateTime" : "2018-10-26T12:00:00+01:00"
    }]
  },
  {
    "code" : "960",
    "display" : "Hébergement d'Urgence avec Accompagnement Social (H.U.A.S.)",
    "designation" : [{
      "use" : {
        "system" : "http://snomed.info/sct",
        "code" : "900000000000013009"
      },
      "value" : "H.U.A.S."
    }],
    "property" : [{
      "code" : "dateValid",
      "valueDateTime" : "2020-06-26T12:00:00+01:00"
    },
    {
      "code" : "dateMaj",
      "valueDateTime" : "2020-06-26T12:00:00+01:00"
    }]
  },
  {
    "code" : "961",
    "display" : "Pôles d'activité et de soins adaptés",
    "designation" : [{
      "use" : {
        "system" : "http://snomed.info/sct",
        "code" : "900000000000013009"
      },
      "value" : "P.A.S.A."
    }],
    "property" : [{
      "code" : "dateValid",
      "valueDateTime" : "2018-10-26T12:00:00+01:00"
    },
    {
      "code" : "dateMaj",
      "valueDateTime" : "2018-10-26T12:00:00+01:00"
    }]
  },
  {
    "code" : "962",
    "display" : "Unités d'hébergement renforcées",
    "designation" : [{
      "use" : {
        "system" : "http://snomed.info/sct",
        "code" : "900000000000013009"
      },
      "value" : "U.H.R."
    }],
    "property" : [{
      "code" : "dateValid",
      "valueDateTime" : "2018-10-26T12:00:00+01:00"
    },
    {
      "code" : "dateMaj",
      "valueDateTime" : "2018-10-26T12:00:00+01:00"
    }]
  },
  {
    "code" : "963",
    "display" : "Plateforme d'accompagnement et de répit des aidants (PFR)",
    "designation" : [{
      "use" : {
        "system" : "http://snomed.info/sct",
        "code" : "900000000000013009"
      },
      "value" : "Plateforme répit PFR"
    }],
    "property" : [{
      "code" : "dateValid",
      "valueDateTime" : "2018-10-26T12:00:00+01:00"
    },
    {
      "code" : "dateMaj",
      "valueDateTime" : "2018-10-26T12:00:00+01:00"
    }]
  },
  {
    "code" : "964",
    "display" : "Accueil et accompagnement spécialisé personnes handicapés",
    "designation" : [{
      "use" : {
        "system" : "http://snomed.info/sct",
        "code" : "900000000000013009"
      },
      "value" : "A.A.S.P.H"
    }],
    "property" : [{
      "code" : "dateValid",
      "valueDateTime" : "2018-10-26T12:00:00+01:00"
    },
    {
      "code" : "dateMaj",
      "valueDateTime" : "2018-10-26T12:00:00+01:00"
    }]
  },
  {
    "code" : "965",
    "display" : "Accueil et accompagnement non médical. personnes handicapées",
    "designation" : [{
      "use" : {
        "system" : "http://snomed.info/sct",
        "code" : "900000000000013009"
      },
      "value" : "A.A.N.M.P.H"
    }],
    "property" : [{
      "code" : "dateValid",
      "valueDateTime" : "2018-10-26T12:00:00+01:00"
    },
    {
      "code" : "dateMaj",
      "valueDateTime" : "2018-10-26T12:00:00+01:00"
    }]
  },
  {
    "code" : "966",
    "display" : "Accueil et accompagnement médicalisé personnes handicapées",
    "designation" : [{
      "use" : {
        "system" : "http://snomed.info/sct",
        "code" : "900000000000013009"
      },
      "value" : "A.A.M.P.H"
    }],
    "property" : [{
      "code" : "dateValid",
      "valueDateTime" : "2018-10-26T12:00:00+01:00"
    },
    {
      "code" : "dateMaj",
      "valueDateTime" : "2018-10-26T12:00:00+01:00"
    }]
  },
  {
    "code" : "991",
    "display" : "Éducation Générale Soins Spéc. Enfants Hand.Troubles Assoc.",
    "designation" : [{
      "use" : {
        "system" : "http://snomed.info/sct",
        "code" : "900000000000013009"
      },
      "value" : "Educ.Gén.Enf.Hand.Tr"
    }],
    "property" : [{
      "code" : "dateValid",
      "valueDateTime" : "2021-11-26T12:00:00+01:00"
    },
    {
      "code" : "dateFin",
      "valueDateTime" : "2021-11-26T12:00:00+01:00"
    },
    {
      "code" : "dateMaj",
      "valueDateTime" : "2021-11-26T12:00:00+01:00"
    }]
  },
  {
    "code" : "992",
    "display" : "Éducation Prof. Soins Spéc. Enfants Hand. Troubles Associés",
    "designation" : [{
      "use" : {
        "system" : "http://snomed.info/sct",
        "code" : "900000000000013009"
      },
      "value" : "Educ.Pro.Enf.Hand.Tr"
    }],
    "property" : [{
      "code" : "dateValid",
      "valueDateTime" : "2021-11-26T12:00:00+01:00"
    },
    {
      "code" : "dateFin",
      "valueDateTime" : "2021-11-26T12:00:00+01:00"
    },
    {
      "code" : "dateMaj",
      "valueDateTime" : "2021-11-26T12:00:00+01:00"
    }]
  },
  {
    "code" : "999",
    "display" : "Regroupement des Calculs (Annexes 24)",
    "designation" : [{
      "use" : {
        "system" : "http://snomed.info/sct",
        "code" : "900000000000013009"
      },
      "value" : "Regroup.Calc.(An.24)"
    }],
    "property" : [{
      "code" : "dateValid",
      "valueDateTime" : "2021-11-26T12:00:00+01:00"
    },
    {
      "code" : "dateFin",
      "valueDateTime" : "2021-11-26T12:00:00+01:00"
    },
    {
      "code" : "dateMaj",
      "valueDateTime" : "2021-11-26T12:00:00+01:00"
    }]
  }]
}