{
  "resourceType" : "CodeSystem",
  "id" : "TRE-R302-ContexteCodeComplementaire",
  "meta" : {
    "versionId" : "4",
    "lastUpdated" : "2023-07-18T13:12:18.021+00:00",
    "profile" : ["http://hl7.org/fhir/StructureDefinition/shareablecodesystem"]
  },
  "text" : {
    "status" : "generated",
    "div" : "<div xmlns=\"http://www.w3.org/1999/xhtml\">Placeholder</div>"
  },
  "extension" : [{
    "url" : "http://hl7.org/fhir/StructureDefinition/resource-effectivePeriod",
    "valuePeriod" : {
      "start" : "2020-08-28T12:00:00+01:00"
    }
  }],
  "url" : "https://mos.esante.gouv.fr/NOS/TRE_R302-ContexteCodeComplementaire/FHIR/TRE-R302-ContexteCodeComplementaire",
  "identifier" : [{
    "system" : "urn:ietf:rfc:3986",
    "value" : "urn:oid:1.2.250.1.213.3.3.70"
  }],
  "version" : "1.1.0",
  "name" : "TRE_R302_ContexteCodeComplementaire",
  "status" : "active",
  "experimental" : false,
  "date" : "2023-07-18T12:00:00-00:00",
  "publisher" : "ANS",
  "contact" : [{
    "name" : "ANS",
    "telecom" : [{
      "system" : "url",
      "value" : "https://esante.gouv.fr"
    }]
  }],
  "description" : "Liste des codes complémentaires utilisables dans un contexte particulier",
  "caseSensitive" : false,
  "content" : "complete",
  "property" : [{
    "code" : "dateValid",
    "description" : "date de validité d'un code concept",
    "type" : "dateTime"
  },
  {
    "code" : "dateMaj",
    "description" : "Date de mise à jour d'un code concept",
    "type" : "dateTime"
  },
  {
    "code" : "dateFin",
    "description" : "Date de fin d'exploitation d'un code concept",
    "type" : "dateTime"
  }],
  "concept" : [{
    "code" : "01",
    "display" : "Non renseigné",
    "property" : [{
      "code" : "dateValid",
      "valueDateTime" : "2020-08-28T12:00:00+01:00"
    },
    {
      "code" : "dateMaj",
      "valueDateTime" : "2020-08-28T12:00:00+01:00"
    }]
  },
  {
    "code" : "02",
    "display" : "Autre",
    "designation" : [{
      "use" : {
        "system" : "http://snomed.info/sct",
        "code" : "900000000000013009"
      },
      "value" : "Tout ce qui n'est pas listé de façon exhaustive dans la liste de codes"
    }],
    "property" : [{
      "code" : "dateValid",
      "valueDateTime" : "2020-08-28T12:00:00+01:00"
    },
    {
      "code" : "dateMaj",
      "valueDateTime" : "2020-08-28T12:00:00+01:00"
    }]
  },
  {
    "code" : "AUT",
    "display" : "Autre motif",
    "property" : [{
      "code" : "dateValid",
      "valueDateTime" : "2020-11-27T12:00:00+01:00"
    },
    {
      "code" : "dateMaj",
      "valueDateTime" : "2020-11-27T12:00:00+01:00"
    }]
  },
  {
    "code" : "CHA",
    "display" : "Changement d'activité",
    "property" : [{
      "code" : "dateValid",
      "valueDateTime" : "2020-11-27T12:00:00+01:00"
    },
    {
      "code" : "dateMaj",
      "valueDateTime" : "2020-11-27T12:00:00+01:00"
    }]
  },
  {
    "code" : "def",
    "display" : "Rejet par votre gestionnaire",
    "designation" : [{
      "use" : {
        "system" : "http://snomed.info/sct",
        "code" : "900000000000013009"
      },
      "value" : "Rejet par votre gestionnaire d'autorité d'enregistrement"
    }],
    "property" : [{
      "code" : "dateValid",
      "valueDateTime" : "2020-11-27T12:00:00+01:00"
    },
    {
      "code" : "dateMaj",
      "valueDateTime" : "2020-11-27T12:00:00+01:00"
    }]
  }]
}