{
  "resourceType" : "CodeSystem",
  "id" : "3589f55d-2421-4fd9-a821-c8730fab06c1",
  "meta" : {
    "versionId" : "1",
    "lastUpdated" : "2022-09-08T16:09:39.948+00:00"
  },
  "text" : {
    "status" : "generated",
    "div" : "<div xmlns=\"http://www.w3.org/1999/xhtml\">Placeholder</div>"
  },
  "extension" : [{
    "url" : "http://hl7.org/fhir/StructureDefinition/resource-effectivePeriod",
    "valuePeriod" : {
      "start" : "2015-04-08T00:00:00+02:00"
    }
  }],
  "url" : "https://mos.esante.gouv.fr/NOS/TRE_R214-SpecialiteUnite",
  "identifier" : [{
    "value" : "urn:oid:1.2.250.1.213.3.3.14"
  }],
  "version" : "1.1.0",
  "name" : "TRE_R214-SpecialiteUnite",
  "status" : "active",
  "date" : "2015-04-08T00:00:00+02:00",
  "publisher" : "ANS",
  "contact" : [{
    "name" : "ANS",
    "telecom" : [{
      "system" : "url",
      "value" : "https://esante.gouv.fr"
    }]
  }],
  "description" : "Spécialité d'unité",
  "content" : "complete",
  "property" : [{
    "code" : "dateValid",
    "description" : "date de validité d'un code concept",
    "type" : "dateTime"
  },
  {
    "code" : "dateMaj",
    "description" : "date de mise à jours d'un code concept",
    "type" : "dateTime"
  },
  {
    "code" : "dateFin",
    "description" : "date de fin d'un code concept",
    "type" : "dateTime"
  }],
  "concept" : [{
    "code" : "25",
    "display" : "Hygiène",
    "designation" : [{
      "use" : {
        "system" : "http://data.esante.gouv.fr/nos/1.2.250.1.213.3.3.14",
        "code" : "LibelleAdapte"
      },
      "value" : "Hygiène"
    },
    {
      "use" : {
        "system" : "http://data.esante.gouv.fr/nos/1.2.250.1.213.3.3.14",
        "code" : "LibelleCourt"
      },
      "value" : "Hygiène"
    }],
    "property" : [{
      "code" : "dateMaj",
      "valueDateTime" : "2015-05-04T00:00:00+02:00"
    },
    {
      "code" : "dateValid",
      "valueDateTime" : "2015-05-04T00:00:00+02:00"
    }]
  },
  {
    "code" : "39",
    "display" : "Médecine vasculaire (Angéiologie)",
    "designation" : [{
      "use" : {
        "system" : "http://data.esante.gouv.fr/nos/1.2.250.1.213.3.3.14",
        "code" : "LibelleCourt"
      },
      "value" : "Médecine vascul (Angéiologie)"
    },
    {
      "use" : {
        "system" : "http://data.esante.gouv.fr/nos/1.2.250.1.213.3.3.14",
        "code" : "LibelleAdapte"
      },
      "value" : "Médecine vasculaire (Angéiologie)"
    }],
    "property" : [{
      "code" : "dateMaj",
      "valueDateTime" : "2016-09-01T00:00:00+02:00"
    },
    {
      "code" : "dateValid",
      "valueDateTime" : "2015-05-04T00:00:00+02:00"
    }]
  },
  {
    "code" : "07",
    "display" : "Cardiologie",
    "designation" : [{
      "use" : {
        "code" : "LibelleCourt"
      },
      "value" : "Cardiologie"
    },
    {
      "use" : {
        "code" : "LibelleAdapte"
      },
      "value" : "Cardiologie"
    }],
    "property" : [{
      "code" : "dateMaj",
      "valueDateTime" : "2015-05-04T00:00:00+02:00"
    },
    {
      "code" : "dateValid",
      "valueDateTime" : "2015-05-04T00:00:00+02:00"
    }]
  },
  {
    "code" : "52",
    "display" : "Psychiatrie de l'enfant et de l'adolescent (pédopsychiatrie)",
    "designation" : [{
      "use" : {
        "system" : "http://data.esante.gouv.fr/nos/1.2.250.1.213.3.3.14",
        "code" : "LibelleCourt"
      },
      "value" : "Pédopsychiatrie"
    },
    {
      "use" : {
        "system" : "http://data.esante.gouv.fr/nos/1.2.250.1.213.3.3.14",
        "code" : "LibelleAdapte"
      },
      "value" : "Psychiatrie de l'enfant et de l'adolescent (pédopsychiatrie)"
    }],
    "property" : [{
      "code" : "dateMaj",
      "valueDateTime" : "2015-05-04T00:00:00+02:00"
    },
    {
      "code" : "dateValid",
      "valueDateTime" : "2015-05-04T00:00:00+02:00"
    }]
  },
  {
    "code" : "37",
    "display" : "Médecine pénitentiaire",
    "designation" : [{
      "use" : {
        "system" : "http://data.esante.gouv.fr/nos/1.2.250.1.213.3.3.14",
        "code" : "LibelleCourt"
      },
      "value" : "Médecine pénitentiaire"
    },
    {
      "use" : {
        "system" : "http://data.esante.gouv.fr/nos/1.2.250.1.213.3.3.14",
        "code" : "LibelleAdapte"
      },
      "value" : "Médecine pénitentiaire"
    }],
    "property" : [{
      "code" : "dateValid",
      "valueDateTime" : "2015-05-04T00:00:00+02:00"
    },
    {
      "code" : "dateMaj",
      "valueDateTime" : "2015-05-04T00:00:00+02:00"
    }]
  },
  {
    "code" : "18",
    "display" : "Endocrinologie, Diabétologie, Métabolisme et Nutrition",
    "designation" : [{
      "use" : {
        "code" : "LibelleAdapte"
      },
      "value" : "Endocrinologie, Diabétologie, Métabolisme et Nutrition"
    },
    {
      "use" : {
        "code" : "LibelleCourt"
      },
      "value" : "Endocrino Diabéto Métab Nutrit"
    }],
    "property" : [{
      "code" : "dateValid",
      "valueDateTime" : "2015-05-04T00:00:00+02:00"
    },
    {
      "code" : "dateMaj",
      "valueDateTime" : "2016-09-01T00:00:00+02:00"
    }]
  },
  {
    "code" : "15",
    "display" : "Chirurgie vasculaire",
    "designation" : [{
      "use" : {
        "system" : "http://data.esante.gouv.fr/nos/1.2.250.1.213.3.3.14",
        "code" : "LibelleCourt"
      },
      "value" : "Chirurgie vasculaire"
    },
    {
      "use" : {
        "system" : "http://data.esante.gouv.fr/nos/1.2.250.1.213.3.3.14",
        "code" : "LibelleAdapte"
      },
      "value" : "Chirurgie vasculaire"
    }],
    "property" : [{
      "code" : "dateValid",
      "valueDateTime" : "2015-05-04T00:00:00+02:00"
    },
    {
      "code" : "dateMaj",
      "valueDateTime" : "2015-05-04T00:00:00+02:00"
    }]
  },
  {
    "code" : "34",
    "display" : "Médecine interne",
    "designation" : [{
      "use" : {
        "system" : "http://data.esante.gouv.fr/nos/1.2.250.1.213.3.3.14",
        "code" : "LibelleAdapte"
      },
      "value" : "Médecine interne"
    },
    {
      "use" : {
        "system" : "http://data.esante.gouv.fr/nos/1.2.250.1.213.3.3.14",
        "code" : "LibelleCourt"
      },
      "value" : "Médecine interne"
    }],
    "property" : [{
      "code" : "dateMaj",
      "valueDateTime" : "2015-05-04T00:00:00+02:00"
    },
    {
      "code" : "dateValid",
      "valueDateTime" : "2015-05-04T00:00:00+02:00"
    }]
  },
  {
    "code" : "41",
    "display" : "Néphrologie",
    "designation" : [{
      "use" : {
        "code" : "LibelleAdapte"
      },
      "value" : "Néphrologie"
    },
    {
      "use" : {
        "code" : "LibelleCourt"
      },
      "value" : "Néphrologie"
    }],
    "property" : [{
      "code" : "dateValid",
      "valueDateTime" : "2015-05-04T00:00:00+02:00"
    },
    {
      "code" : "dateMaj",
      "valueDateTime" : "2015-05-04T00:00:00+02:00"
    }]
  },
  {
    "code" : "22",
    "display" : "Gestion de crise, plan blanc",
    "designation" : [{
      "use" : {
        "system" : "http://data.esante.gouv.fr/nos/1.2.250.1.213.3.3.14",
        "code" : "LibelleCourt"
      },
      "value" : "Gestion de crise, plan blanc"
    },
    {
      "use" : {
        "system" : "http://data.esante.gouv.fr/nos/1.2.250.1.213.3.3.14",
        "code" : "LibelleAdapte"
      },
      "value" : "Gestion de crise, plan blanc"
    }],
    "property" : [{
      "code" : "dateMaj",
      "valueDateTime" : "2015-05-04T00:00:00+02:00"
    },
    {
      "code" : "dateValid",
      "valueDateTime" : "2015-05-04T00:00:00+02:00"
    }]
  },
  {
    "code" : "14",
    "display" : "Chirurgie urologique (Urologie)",
    "designation" : [{
      "use" : {
        "system" : "http://data.esante.gouv.fr/nos/1.2.250.1.213.3.3.14",
        "code" : "LibelleCourt"
      },
      "value" : "Chir urologique"
    },
    {
      "use" : {
        "system" : "http://data.esante.gouv.fr/nos/1.2.250.1.213.3.3.14",
        "code" : "LibelleAdapte"
      },
      "value" : "Chirurgie urologique (Urologie)"
    }],
    "property" : [{
      "code" : "dateMaj",
      "valueDateTime" : "2016-09-01T00:00:00+02:00"
    },
    {
      "code" : "dateValid",
      "valueDateTime" : "2015-05-04T00:00:00+02:00"
    }]
  },
  {
    "code" : "27",
    "display" : "Maladies infectieuses, parasitaires et tropicales",
    "designation" : [{
      "use" : {
        "code" : "LibelleAdapte"
      },
      "value" : "Maladies infectieuses, parasitaires et tropicales"
    },
    {
      "use" : {
        "code" : "LibelleCourt"
      },
      "value" : "Maladies infect, parasit, trop"
    }],
    "property" : [{
      "code" : "dateMaj",
      "valueDateTime" : "2016-09-01T00:00:00+02:00"
    },
    {
      "code" : "dateValid",
      "valueDateTime" : "2015-05-04T00:00:00+02:00"
    }]
  },
  {
    "code" : "24",
    "display" : "Hématologie",
    "designation" : [{
      "use" : {
        "system" : "http://data.esante.gouv.fr/nos/1.2.250.1.213.3.3.14",
        "code" : "LibelleAdapte"
      },
      "value" : "Hématologie"
    },
    {
      "use" : {
        "system" : "http://data.esante.gouv.fr/nos/1.2.250.1.213.3.3.14",
        "code" : "LibelleCourt"
      },
      "value" : "Hématologie"
    }],
    "property" : [{
      "code" : "dateValid",
      "valueDateTime" : "2015-05-04T00:00:00+02:00"
    },
    {
      "code" : "dateMaj",
      "valueDateTime" : "2015-05-04T00:00:00+02:00"
    }]
  },
  {
    "code" : "43",
    "display" : "Neurologie",
    "designation" : [{
      "use" : {
        "system" : "http://data.esante.gouv.fr/nos/1.2.250.1.213.3.3.14",
        "code" : "LibelleCourt"
      },
      "value" : "Neurologie"
    },
    {
      "use" : {
        "system" : "http://data.esante.gouv.fr/nos/1.2.250.1.213.3.3.14",
        "code" : "LibelleAdapte"
      },
      "value" : "Neurologie"
    }],
    "property" : [{
      "code" : "dateMaj",
      "valueDateTime" : "2015-05-04T00:00:00+02:00"
    },
    {
      "code" : "dateValid",
      "valueDateTime" : "2015-05-04T00:00:00+02:00"
    }]
  },
  {
    "code" : "59",
    "display" : "Toxicologie",
    "designation" : [{
      "use" : {
        "code" : "LibelleAdapte"
      },
      "value" : "Toxicologie"
    },
    {
      "use" : {
        "code" : "LibelleCourt"
      },
      "value" : "Toxicologie"
    }],
    "property" : [{
      "code" : "dateValid",
      "valueDateTime" : "2015-05-04T00:00:00+02:00"
    },
    {
      "code" : "dateMaj",
      "valueDateTime" : "2015-05-04T00:00:00+02:00"
    }]
  },
  {
    "code" : "40",
    "display" : "Néonatologie",
    "designation" : [{
      "use" : {
        "code" : "LibelleCourt"
      },
      "value" : "Néonatologie"
    },
    {
      "use" : {
        "code" : "LibelleAdapte"
      },
      "value" : "Néonatologie"
    }],
    "property" : [{
      "code" : "dateValid",
      "valueDateTime" : "2015-05-04T00:00:00+02:00"
    },
    {
      "code" : "dateMaj",
      "valueDateTime" : "2015-05-04T00:00:00+02:00"
    }]
  },
  {
    "code" : "17",
    "display" : "Dermatologie",
    "designation" : [{
      "use" : {
        "system" : "http://data.esante.gouv.fr/nos/1.2.250.1.213.3.3.14",
        "code" : "LibelleCourt"
      },
      "value" : "Dermatologie"
    },
    {
      "use" : {
        "system" : "http://data.esante.gouv.fr/nos/1.2.250.1.213.3.3.14",
        "code" : "LibelleAdapte"
      },
      "value" : "Dermatologie"
    }],
    "property" : [{
      "code" : "dateValid",
      "valueDateTime" : "2015-05-04T00:00:00+02:00"
    },
    {
      "code" : "dateMaj",
      "valueDateTime" : "2015-05-04T00:00:00+02:00"
    }]
  },
  {
    "code" : "44",
    "display" : "Odontologie (Dentisterie)",
    "designation" : [{
      "use" : {
        "system" : "http://data.esante.gouv.fr/nos/1.2.250.1.213.3.3.14",
        "code" : "LibelleAdapte"
      },
      "value" : "Odontologie (Dentisterie)"
    },
    {
      "use" : {
        "system" : "http://data.esante.gouv.fr/nos/1.2.250.1.213.3.3.14",
        "code" : "LibelleCourt"
      },
      "value" : "Odontologie (Dentisterie)"
    }],
    "property" : [{
      "code" : "dateMaj",
      "valueDateTime" : "2015-05-04T00:00:00+02:00"
    },
    {
      "code" : "dateValid",
      "valueDateTime" : "2015-05-04T00:00:00+02:00"
    }]
  },
  {
    "code" : "51",
    "display" : "Psychiatrie (PSY)",
    "designation" : [{
      "use" : {
        "code" : "LibelleCourt"
      },
      "value" : "Psychiatrie (PSY)"
    },
    {
      "use" : {
        "code" : "LibelleAdapte"
      },
      "value" : "Psychiatrie (PSY)"
    }],
    "property" : [{
      "code" : "dateMaj",
      "valueDateTime" : "2015-05-04T00:00:00+02:00"
    },
    {
      "code" : "dateValid",
      "valueDateTime" : "2015-05-04T00:00:00+02:00"
    }]
  },
  {
    "code" : "05",
    "display" : "Biologie médicale",
    "designation" : [{
      "use" : {
        "code" : "LibelleCourt"
      },
      "value" : "Biologie médicale"
    },
    {
      "use" : {
        "code" : "LibelleAdapte"
      },
      "value" : "Biologie médicale"
    }],
    "property" : [{
      "code" : "dateMaj",
      "valueDateTime" : "2015-05-04T00:00:00+02:00"
    },
    {
      "code" : "dateValid",
      "valueDateTime" : "2015-05-04T00:00:00+02:00"
    }]
  },
  {
    "code" : "55",
    "display" : "Santé publique",
    "designation" : [{
      "use" : {
        "code" : "LibelleCourt"
      },
      "value" : "Santé publique"
    },
    {
      "use" : {
        "code" : "LibelleAdapte"
      },
      "value" : "Santé publique"
    }],
    "property" : [{
      "code" : "dateValid",
      "valueDateTime" : "2015-05-04T00:00:00+02:00"
    },
    {
      "code" : "dateMaj",
      "valueDateTime" : "2015-05-04T00:00:00+02:00"
    }]
  },
  {
    "code" : "48",
    "display" : "Pédiatrie générale",
    "designation" : [{
      "use" : {
        "code" : "LibelleCourt"
      },
      "value" : "Pédiatrie générale"
    },
    {
      "use" : {
        "system" : "http://data.esante.gouv.fr/nos/1.2.250.1.213.3.3.14",
        "code" : "LibelleAdapte"
      },
      "value" : "Pédiatrie générale"
    }],
    "property" : [{
      "code" : "dateValid",
      "valueDateTime" : "2015-05-04T00:00:00+02:00"
    },
    {
      "code" : "dateMaj",
      "valueDateTime" : "2015-05-04T00:00:00+02:00"
    }]
  },
  {
    "code" : "36",
    "display" : "Médecine nucléaire",
    "designation" : [{
      "use" : {
        "code" : "LibelleCourt"
      },
      "value" : "Médecine nucléaire"
    },
    {
      "use" : {
        "code" : "LibelleAdapte"
      },
      "value" : "Médecine nucléaire"
    }],
    "property" : [{
      "code" : "dateValid",
      "valueDateTime" : "2015-05-04T00:00:00+02:00"
    },
    {
      "code" : "dateMaj",
      "valueDateTime" : "2015-05-04T00:00:00+02:00"
    }]
  },
  {
    "code" : "13",
    "display" : "Chirurgie thoracique et pulmonaire",
    "designation" : [{
      "use" : {
        "code" : "LibelleCourt"
      },
      "value" : "Chir thoracique et pulmonaire"
    },
    {
      "use" : {
        "system" : "http://data.esante.gouv.fr/nos/1.2.250.1.213.3.3.14",
        "code" : "LibelleAdapte"
      },
      "value" : "Chirurgie thoracique et pulmonaire"
    }],
    "property" : [{
      "code" : "dateMaj",
      "valueDateTime" : "2016-09-01T00:00:00+02:00"
    },
    {
      "code" : "dateValid",
      "valueDateTime" : "2015-05-04T00:00:00+02:00"
    }]
  },
  {
    "code" : "11",
    "display" : "Chirurgie orthopédique et Traumatologie",
    "designation" : [{
      "use" : {
        "code" : "LibelleAdapte"
      },
      "value" : "Chirurgie orthopédique et Traumatologie"
    },
    {
      "use" : {
        "code" : "LibelleCourt"
      },
      "value" : "Chir ortho, Traumato"
    }],
    "property" : [{
      "code" : "dateValid",
      "valueDateTime" : "2015-05-04T00:00:00+02:00"
    },
    {
      "code" : "dateMaj",
      "valueDateTime" : "2016-09-01T00:00:00+02:00"
    }]
  },
  {
    "code" : "33",
    "display" : "Médecine hyperbare",
    "designation" : [{
      "use" : {
        "code" : "LibelleAdapte"
      },
      "value" : "Médecine hyperbare"
    },
    {
      "use" : {
        "code" : "LibelleCourt"
      },
      "value" : "Médecine hyperbare"
    }],
    "property" : [{
      "code" : "dateValid",
      "valueDateTime" : "2015-05-04T00:00:00+02:00"
    },
    {
      "code" : "dateMaj",
      "valueDateTime" : "2015-05-04T00:00:00+02:00"
    }]
  },
  {
    "code" : "47",
    "display" : "Oto-rhino-laryngologie (ORL) et Chirurgie cervico-faciale",
    "designation" : [{
      "use" : {
        "code" : "LibelleAdapte"
      },
      "value" : "Oto-rhino-laryngologie (ORL) et Chirurgie cervico-faciale"
    },
    {
      "use" : {
        "code" : "LibelleCourt"
      },
      "value" : "ORL, Chirurgie cervico-faciale"
    }],
    "property" : [{
      "code" : "dateValid",
      "valueDateTime" : "2015-05-04T00:00:00+02:00"
    },
    {
      "code" : "dateMaj",
      "valueDateTime" : "2016-09-01T00:00:00+02:00"
    }]
  },
  {
    "code" : "57",
    "display" : "Soins palliatifs et Médecine de la douleur",
    "designation" : [{
      "use" : {
        "code" : "LibelleCourt"
      },
      "value" : "Soins palliatifs, Méd douleur"
    },
    {
      "use" : {
        "system" : "http://data.esante.gouv.fr/nos/1.2.250.1.213.3.3.14",
        "code" : "LibelleAdapte"
      },
      "value" : "Soins palliatifs et Médecine de la douleur"
    }],
    "property" : [{
      "code" : "dateMaj",
      "valueDateTime" : "2016-09-01T00:00:00+02:00"
    },
    {
      "code" : "dateValid",
      "valueDateTime" : "2015-05-04T00:00:00+02:00"
    }]
  },
  {
    "code" : "31",
    "display" : "Médecine d'urgence",
    "designation" : [{
      "use" : {
        "system" : "http://data.esante.gouv.fr/nos/1.2.250.1.213.3.3.14",
        "code" : "LibelleCourt"
      },
      "value" : "Médecine d'urgence"
    },
    {
      "use" : {
        "system" : "http://data.esante.gouv.fr/nos/1.2.250.1.213.3.3.14",
        "code" : "LibelleAdapte"
      },
      "value" : "Médecine d'urgence"
    }],
    "property" : [{
      "code" : "dateValid",
      "valueDateTime" : "2015-05-04T00:00:00+02:00"
    },
    {
      "code" : "dateMaj",
      "valueDateTime" : "2015-05-04T00:00:00+02:00"
    }]
  },
  {
    "code" : "46",
    "display" : "Ophtalmologie",
    "designation" : [{
      "use" : {
        "code" : "LibelleAdapte"
      },
      "value" : "Ophtalmologie"
    },
    {
      "use" : {
        "code" : "LibelleCourt"
      },
      "value" : "Ophtalmologie"
    }],
    "property" : [{
      "code" : "dateMaj",
      "valueDateTime" : "2015-05-04T00:00:00+02:00"
    },
    {
      "code" : "dateValid",
      "valueDateTime" : "2015-05-04T00:00:00+02:00"
    }]
  },
  {
    "code" : "26",
    "display" : "Imagerie médicale (radiologie)",
    "designation" : [{
      "use" : {
        "code" : "LibelleCourt"
      },
      "value" : "Imagerie médicale (radiologie)"
    },
    {
      "use" : {
        "system" : "http://data.esante.gouv.fr/nos/1.2.250.1.213.3.3.14",
        "code" : "LibelleAdapte"
      },
      "value" : "Imagerie médicale (radiologie)"
    }],
    "property" : [{
      "code" : "dateMaj",
      "valueDateTime" : "2015-05-04T00:00:00+02:00"
    },
    {
      "code" : "dateValid",
      "valueDateTime" : "2015-05-04T00:00:00+02:00"
    }]
  },
  {
    "code" : "12",
    "display" : "Chirurgie plastique, reconstructrice et esthétique",
    "designation" : [{
      "use" : {
        "code" : "LibelleAdapte"
      },
      "value" : "Chirurgie plastique, reconstructrice et esthétique"
    },
    {
      "use" : {
        "code" : "LibelleCourt"
      },
      "value" : "Chir plast, reconstr, esthétiq"
    }],
    "property" : [{
      "code" : "dateMaj",
      "valueDateTime" : "2016-09-01T00:00:00+02:00"
    },
    {
      "code" : "dateValid",
      "valueDateTime" : "2015-05-04T00:00:00+02:00"
    }]
  },
  {
    "code" : "53",
    "display" : "Réanimation",
    "designation" : [{
      "use" : {
        "code" : "LibelleCourt"
      },
      "value" : "Réanimation"
    },
    {
      "use" : {
        "system" : "http://data.esante.gouv.fr/nos/1.2.250.1.213.3.3.14",
        "code" : "LibelleAdapte"
      },
      "value" : "Réanimation"
    }],
    "property" : [{
      "code" : "dateValid",
      "valueDateTime" : "2015-05-04T00:00:00+02:00"
    },
    {
      "code" : "dateMaj",
      "valueDateTime" : "2015-05-04T00:00:00+02:00"
    }]
  },
  {
    "code" : "42",
    "display" : "Neurochirurgie",
    "designation" : [{
      "use" : {
        "code" : "LibelleAdapte"
      },
      "value" : "Neurochirurgie"
    },
    {
      "use" : {
        "system" : "http://data.esante.gouv.fr/nos/1.2.250.1.213.3.3.14",
        "code" : "LibelleCourt"
      },
      "value" : "Neurochirurgie"
    }],
    "property" : [{
      "code" : "dateMaj",
      "valueDateTime" : "2015-05-04T00:00:00+02:00"
    },
    {
      "code" : "dateValid",
      "valueDateTime" : "2015-05-04T00:00:00+02:00"
    }]
  },
  {
    "code" : "02",
    "display" : "Allergologie et Immunologie clinique",
    "designation" : [{
      "use" : {
        "code" : "LibelleCourt"
      },
      "value" : "Allergologie, Immunolog cliniq"
    },
    {
      "use" : {
        "system" : "http://data.esante.gouv.fr/nos/1.2.250.1.213.3.3.14",
        "code" : "LibelleAdapte"
      },
      "value" : "Allergologie et Immunologie clinique"
    }],
    "property" : [{
      "code" : "dateMaj",
      "valueDateTime" : "2016-09-01T00:00:00+02:00"
    },
    {
      "code" : "dateValid",
      "valueDateTime" : "2015-05-04T00:00:00+02:00"
    }]
  },
  {
    "code" : "38",
    "display" : "Médecine physique et réadaptation (SSR)",
    "designation" : [{
      "use" : {
        "code" : "LibelleAdapte"
      },
      "value" : "Médecine physique et réadaptation (SSR)"
    },
    {
      "use" : {
        "code" : "LibelleCourt"
      },
      "value" : "Médecine physique, réadapt"
    }],
    "property" : [{
      "code" : "dateValid",
      "valueDateTime" : "2015-05-04T00:00:00+02:00"
    },
    {
      "code" : "dateMaj",
      "valueDateTime" : "2015-05-04T00:00:00+02:00"
    }]
  },
  {
    "code" : "29",
    "display" : "Médecine du sport",
    "designation" : [{
      "use" : {
        "system" : "http://data.esante.gouv.fr/nos/1.2.250.1.213.3.3.14",
        "code" : "LibelleAdapte"
      },
      "value" : "Médecine du sport"
    },
    {
      "use" : {
        "system" : "http://data.esante.gouv.fr/nos/1.2.250.1.213.3.3.14",
        "code" : "LibelleCourt"
      },
      "value" : "Médecine du sport"
    }],
    "property" : [{
      "code" : "dateMaj",
      "valueDateTime" : "2015-05-04T00:00:00+02:00"
    },
    {
      "code" : "dateValid",
      "valueDateTime" : "2015-05-04T00:00:00+02:00"
    }]
  },
  {
    "code" : "56",
    "display" : "Soins de suite et de réadaptation (SSR)",
    "designation" : [{
      "use" : {
        "code" : "LibelleAdapte"
      },
      "value" : "Soins de suite et de réadaptation (SSR)"
    },
    {
      "use" : {
        "system" : "http://data.esante.gouv.fr/nos/1.2.250.1.213.3.3.14",
        "code" : "LibelleCourt"
      },
      "value" : "SSR"
    }],
    "property" : [{
      "code" : "dateMaj",
      "valueDateTime" : "2016-09-01T00:00:00+02:00"
    },
    {
      "code" : "dateValid",
      "valueDateTime" : "2015-05-04T00:00:00+02:00"
    }]
  },
  {
    "code" : "01",
    "display" : "Addictologie",
    "designation" : [{
      "use" : {
        "code" : "LibelleCourt"
      },
      "value" : "Addictologie"
    },
    {
      "use" : {
        "code" : "LibelleAdapte"
      },
      "value" : "Addictologie"
    }],
    "property" : [{
      "code" : "dateValid",
      "valueDateTime" : "2015-05-04T00:00:00+02:00"
    },
    {
      "code" : "dateMaj",
      "valueDateTime" : "2015-05-04T00:00:00+02:00"
    }]
  },
  {
    "code" : "04",
    "display" : "Anesthésie",
    "designation" : [{
      "use" : {
        "code" : "LibelleAdapte"
      },
      "value" : "Anesthésie"
    },
    {
      "use" : {
        "code" : "LibelleCourt"
      },
      "value" : "Anesthésie"
    }],
    "property" : [{
      "code" : "dateValid",
      "valueDateTime" : "2015-05-04T00:00:00+02:00"
    },
    {
      "code" : "dateMaj",
      "valueDateTime" : "2015-05-04T00:00:00+02:00"
    }]
  },
  {
    "code" : "28",
    "display" : "Médecine aérospatiale-aéronautique",
    "designation" : [{
      "use" : {
        "system" : "http://data.esante.gouv.fr/nos/1.2.250.1.213.3.3.14",
        "code" : "LibelleCourt"
      },
      "value" : "Médecine aérospat-aéronautique"
    },
    {
      "use" : {
        "system" : "http://data.esante.gouv.fr/nos/1.2.250.1.213.3.3.14",
        "code" : "LibelleAdapte"
      },
      "value" : "Médecine aérospatiale-aéronautique"
    }],
    "property" : [{
      "code" : "dateMaj",
      "valueDateTime" : "2016-09-01T00:00:00+02:00"
    },
    {
      "code" : "dateValid",
      "valueDateTime" : "2015-05-04T00:00:00+02:00"
    }]
  },
  {
    "code" : "19",
    "display" : "Gastro-entérologie et Hépatologie",
    "designation" : [{
      "use" : {
        "code" : "LibelleCourt"
      },
      "value" : "Gastro-entérologie, Hépato"
    },
    {
      "use" : {
        "code" : "LibelleAdapte"
      },
      "value" : "Gastro-entérologie et Hépatologie"
    }],
    "property" : [{
      "code" : "dateMaj",
      "valueDateTime" : "2016-09-01T00:00:00+02:00"
    },
    {
      "code" : "dateValid",
      "valueDateTime" : "2015-05-04T00:00:00+02:00"
    }]
  },
  {
    "code" : "09",
    "display" : "Chirurgie générale",
    "designation" : [{
      "use" : {
        "system" : "http://data.esante.gouv.fr/nos/1.2.250.1.213.3.3.14",
        "code" : "LibelleCourt"
      },
      "value" : "Chirurgie générale"
    },
    {
      "use" : {
        "system" : "http://data.esante.gouv.fr/nos/1.2.250.1.213.3.3.14",
        "code" : "LibelleAdapte"
      },
      "value" : "Chirurgie générale"
    }],
    "property" : [{
      "code" : "dateMaj",
      "valueDateTime" : "2015-05-04T00:00:00+02:00"
    },
    {
      "code" : "dateValid",
      "valueDateTime" : "2015-05-04T00:00:00+02:00"
    }]
  },
  {
    "code" : "06",
    "display" : "Brûlologie (brûlés)",
    "designation" : [{
      "use" : {
        "code" : "LibelleCourt"
      },
      "value" : "Brûlologie (brûlés)"
    },
    {
      "use" : {
        "code" : "LibelleAdapte"
      },
      "value" : "Brûlologie (brûlés)"
    }],
    "property" : [{
      "code" : "dateValid",
      "valueDateTime" : "2015-05-04T00:00:00+02:00"
    },
    {
      "code" : "dateMaj",
      "valueDateTime" : "2015-05-04T00:00:00+02:00"
    }]
  },
  {
    "code" : "49",
    "display" : "Pharmacie",
    "designation" : [{
      "use" : {
        "code" : "LibelleAdapte"
      },
      "value" : "Pharmacie"
    },
    {
      "use" : {
        "system" : "http://data.esante.gouv.fr/nos/1.2.250.1.213.3.3.14",
        "code" : "LibelleCourt"
      },
      "value" : "Pharmacie"
    }],
    "property" : [{
      "code" : "dateValid",
      "valueDateTime" : "2015-05-04T00:00:00+02:00"
    },
    {
      "code" : "dateMaj",
      "valueDateTime" : "2015-05-04T00:00:00+02:00"
    }]
  },
  {
    "code" : "54",
    "display" : "Rhumatologie",
    "designation" : [{
      "use" : {
        "system" : "http://data.esante.gouv.fr/nos/1.2.250.1.213.3.3.14",
        "code" : "LibelleCourt"
      },
      "value" : "Rhumatologie"
    },
    {
      "use" : {
        "system" : "http://data.esante.gouv.fr/nos/1.2.250.1.213.3.3.14",
        "code" : "LibelleAdapte"
      },
      "value" : "Rhumatologie"
    }],
    "property" : [{
      "code" : "dateValid",
      "valueDateTime" : "2015-05-04T00:00:00+02:00"
    },
    {
      "code" : "dateMaj",
      "valueDateTime" : "2015-05-04T00:00:00+02:00"
    }]
  },
  {
    "code" : "08",
    "display" : "Chirurgie cardiaque et gros vaisseaux",
    "designation" : [{
      "use" : {
        "code" : "LibelleCourt"
      },
      "value" : "Chir cardiaque, gros vaisseaux"
    },
    {
      "use" : {
        "system" : "http://data.esante.gouv.fr/nos/1.2.250.1.213.3.3.14",
        "code" : "LibelleAdapte"
      },
      "value" : "Chirurgie cardiaque et gros vaisseaux"
    }],
    "property" : [{
      "code" : "dateValid",
      "valueDateTime" : "2015-05-04T00:00:00+02:00"
    },
    {
      "code" : "dateMaj",
      "valueDateTime" : "2016-09-01T00:00:00+02:00"
    }]
  },
  {
    "code" : "58",
    "display" : "Système information",
    "designation" : [{
      "use" : {
        "code" : "LibelleAdapte"
      },
      "value" : "Système information"
    },
    {
      "use" : {
        "system" : "http://data.esante.gouv.fr/nos/1.2.250.1.213.3.3.14",
        "code" : "LibelleCourt"
      },
      "value" : "Système information"
    }],
    "property" : [{
      "code" : "dateValid",
      "valueDateTime" : "2015-05-04T00:00:00+02:00"
    },
    {
      "code" : "dateMaj",
      "valueDateTime" : "2015-05-04T00:00:00+02:00"
    }]
  },
  {
    "code" : "21",
    "display" : "Gériatrie",
    "designation" : [{
      "use" : {
        "code" : "LibelleCourt"
      },
      "value" : "Gériatrie"
    },
    {
      "use" : {
        "system" : "http://data.esante.gouv.fr/nos/1.2.250.1.213.3.3.14",
        "code" : "LibelleAdapte"
      },
      "value" : "Gériatrie"
    }],
    "property" : [{
      "code" : "dateValid",
      "valueDateTime" : "2015-05-04T00:00:00+02:00"
    },
    {
      "code" : "dateMaj",
      "valueDateTime" : "2015-05-04T00:00:00+02:00"
    }]
  },
  {
    "code" : "35",
    "display" : "Médecine légale et Expertise médicale",
    "designation" : [{
      "use" : {
        "code" : "LibelleCourt"
      },
      "value" : "Médecine légale, Expertise méd"
    },
    {
      "use" : {
        "code" : "LibelleAdapte"
      },
      "value" : "Médecine légale et Expertise médicale"
    }],
    "property" : [{
      "code" : "dateValid",
      "valueDateTime" : "2015-05-04T00:00:00+02:00"
    },
    {
      "code" : "dateMaj",
      "valueDateTime" : "2016-09-01T00:00:00+02:00"
    }]
  },
  {
    "code" : "50",
    "display" : "Pneumologie",
    "designation" : [{
      "use" : {
        "code" : "LibelleCourt"
      },
      "value" : "Pneumologie"
    },
    {
      "use" : {
        "system" : "http://data.esante.gouv.fr/nos/1.2.250.1.213.3.3.14",
        "code" : "LibelleAdapte"
      },
      "value" : "Pneumologie"
    }],
    "property" : [{
      "code" : "dateMaj",
      "valueDateTime" : "2015-05-04T00:00:00+02:00"
    },
    {
      "code" : "dateValid",
      "valueDateTime" : "2015-05-04T00:00:00+02:00"
    }]
  },
  {
    "code" : "45",
    "display" : "Oncologie-cancérologie",
    "designation" : [{
      "use" : {
        "system" : "http://data.esante.gouv.fr/nos/1.2.250.1.213.3.3.14",
        "code" : "LibelleAdapte"
      },
      "value" : "Oncologie-cancérologie"
    },
    {
      "use" : {
        "system" : "http://data.esante.gouv.fr/nos/1.2.250.1.213.3.3.14",
        "code" : "LibelleCourt"
      },
      "value" : "Oncologie-cancérologie"
    }],
    "property" : [{
      "code" : "dateMaj",
      "valueDateTime" : "2015-05-04T00:00:00+02:00"
    },
    {
      "code" : "dateValid",
      "valueDateTime" : "2015-05-04T00:00:00+02:00"
    }]
  },
  {
    "code" : "60",
    "display" : "Transfusion",
    "designation" : [{
      "use" : {
        "system" : "http://data.esante.gouv.fr/nos/1.2.250.1.213.3.3.14",
        "code" : "LibelleCourt"
      },
      "value" : "Transfusion"
    },
    {
      "use" : {
        "system" : "http://data.esante.gouv.fr/nos/1.2.250.1.213.3.3.14",
        "code" : "LibelleAdapte"
      },
      "value" : "Transfusion"
    }],
    "property" : [{
      "code" : "dateValid",
      "valueDateTime" : "2015-05-04T00:00:00+02:00"
    },
    {
      "code" : "dateMaj",
      "valueDateTime" : "2015-05-04T00:00:00+02:00"
    }]
  },
  {
    "code" : "32",
    "display" : "Médecine générale (polyvalente)",
    "designation" : [{
      "use" : {
        "code" : "LibelleAdapte"
      },
      "value" : "Médecine générale (polyvalente)"
    },
    {
      "use" : {
        "system" : "http://data.esante.gouv.fr/nos/1.2.250.1.213.3.3.14",
        "code" : "LibelleCourt"
      },
      "value" : "Médecine générale, polyvalente"
    }],
    "property" : [{
      "code" : "dateValid",
      "valueDateTime" : "2015-05-04T00:00:00+02:00"
    },
    {
      "code" : "dateMaj",
      "valueDateTime" : "2016-09-01T00:00:00+02:00"
    }]
  },
  {
    "code" : "30",
    "display" : "Médecine du travail (pathologie professionnelle)",
    "designation" : [{
      "use" : {
        "system" : "http://data.esante.gouv.fr/nos/1.2.250.1.213.3.3.14",
        "code" : "LibelleAdapte"
      },
      "value" : "Médecine du travail (pathologie professionnelle)"
    },
    {
      "use" : {
        "system" : "http://data.esante.gouv.fr/nos/1.2.250.1.213.3.3.14",
        "code" : "LibelleCourt"
      },
      "value" : "Médecine du travail"
    }],
    "property" : [{
      "code" : "dateValid",
      "valueDateTime" : "2015-05-04T00:00:00+02:00"
    },
    {
      "code" : "dateMaj",
      "valueDateTime" : "2016-09-01T00:00:00+02:00"
    }]
  },
  {
    "code" : "16",
    "display" : "Chirurgie viscérale et digestive",
    "designation" : [{
      "use" : {
        "code" : "LibelleCourt"
      },
      "value" : "Chirurgie viscérale, digestive"
    },
    {
      "use" : {
        "code" : "LibelleAdapte"
      },
      "value" : "Chirurgie viscérale et digestive"
    }],
    "property" : [{
      "code" : "dateValid",
      "valueDateTime" : "2015-05-04T00:00:00+02:00"
    },
    {
      "code" : "dateMaj",
      "valueDateTime" : "2016-09-01T00:00:00+02:00"
    }]
  },
  {
    "code" : "10",
    "display" : "Chirurgie maxillo-faciale et Stomatologie",
    "designation" : [{
      "use" : {
        "system" : "http://data.esante.gouv.fr/nos/1.2.250.1.213.3.3.14",
        "code" : "LibelleAdapte"
      },
      "value" : "Chirurgie maxillo-faciale et Stomatologie"
    },
    {
      "use" : {
        "system" : "http://data.esante.gouv.fr/nos/1.2.250.1.213.3.3.14",
        "code" : "LibelleCourt"
      },
      "value" : "Chir maxillo-faciale, Stomato"
    }],
    "property" : [{
      "code" : "dateValid",
      "valueDateTime" : "2015-05-04T00:00:00+02:00"
    },
    {
      "code" : "dateMaj",
      "valueDateTime" : "2016-09-01T00:00:00+02:00"
    }]
  },
  {
    "code" : "23",
    "display" : "Gynécologie-obstétrique",
    "designation" : [{
      "use" : {
        "code" : "LibelleCourt"
      },
      "value" : "Gynécologie-obstétrique"
    },
    {
      "use" : {
        "system" : "http://data.esante.gouv.fr/nos/1.2.250.1.213.3.3.14",
        "code" : "LibelleAdapte"
      },
      "value" : "Gynécologie-obstétrique"
    }],
    "property" : [{
      "code" : "dateMaj",
      "valueDateTime" : "2015-05-04T00:00:00+02:00"
    },
    {
      "code" : "dateValid",
      "valueDateTime" : "2015-05-04T00:00:00+02:00"
    }]
  },
  {
    "code" : "03",
    "display" : "Anatomie et Cytologie pathologiques",
    "designation" : [{
      "use" : {
        "code" : "LibelleCourt"
      },
      "value" : "Anatomie, Cytologie pathologiq"
    },
    {
      "use" : {
        "code" : "LibelleAdapte"
      },
      "value" : "Anatomie et Cytologie pathologiques"
    }],
    "property" : [{
      "code" : "dateMaj",
      "valueDateTime" : "2016-09-01T00:00:00+02:00"
    },
    {
      "code" : "dateValid",
      "valueDateTime" : "2015-05-04T00:00:00+02:00"
    }]
  },
  {
    "code" : "20",
    "display" : "Génétique médicale",
    "designation" : [{
      "use" : {
        "code" : "LibelleCourt"
      },
      "value" : "Génétique médicale"
    },
    {
      "use" : {
        "system" : "http://data.esante.gouv.fr/nos/1.2.250.1.213.3.3.14",
        "code" : "LibelleAdapte"
      },
      "value" : "Génétique médicale"
    }],
    "property" : [{
      "code" : "dateValid",
      "valueDateTime" : "2015-05-04T00:00:00+02:00"
    },
    {
      "code" : "dateMaj",
      "valueDateTime" : "2015-05-04T00:00:00+02:00"
    }]
  }]
}