<?xml version="1.0" encoding="UTF-8"?>

<ValueSet xmlns="http://hl7.org/fhir">
  <id value="d7d48758-ed4d-420e-8861-de231ddfb56d"/>
  <meta>
    <versionId value="1"/>
    <lastUpdated value="2022-07-19T13:44:59.816+00:00"/>
  </meta>
  <text>
    <status value="generated"/><div xmlns="http://www.w3.org/1999/xhtml">Placeholder</div>
  </text>
  <url value="https://smt.esante.gouv.fr/FHIR/ValueSet/abdelali_vs_filter"/>
  <version value="1.1.0"/>
  <name value="Abdelali_vs_filter"/>
  <title value="Abdelali_vs_filter"/>
  <status value="draft"/>
  <date value="2023-09-08T07:36:11+00:00"/>
  <publisher value="ANS"/>
  <contact>
    <name value="ANS"/>
    <telecom>
      <system value="url"/>
      <value value="https://esante.gouv.fr"/>
    </telecom>
  </contact>
  <compose>
    <include>
      <system value="http://snomed.info/sct"/>
      <version value="http://snomed.info/sct/900000000000207008/version/20210731"/>
      <filter>
        <property value="concept"/>
        <op value="is-a"/>
        <value value="365460000"/>
      </filter>
    </include>
  </compose>
</ValueSet>